VISN;VAMC system plain language name;VAMC system official name;Meta title tag;Meta Description;GovDelivery ID for Emergency Updates email;GovDelivery ID for News and Announcements;Facebook URL;Link text;Twitter URL;Link text;Flickr URL;link text;Instagram URL;link text;URL alias
5;'VA Maryland health care';'VA Maryland Healthcare System';'VA Maryland health care | Veterans Affairs';'Find a health facility near you at [VA System name], and manage your health online. Our health care teams are deeply experienced and guided by the needs of Veterans, their families, and caregivers.';'USVHA_400';'USVHA_87';'https://www.facebook.com/MDVAHCS';'VA Maryland Healthcare System Facebook page';'https://twitter.com/mdvagov';'VA Maryland Healthcare System at Twitter';'';'';'';'';'/maryland-health-care/'
5;'VA Washington DC health care';'VA Washington DC Healthcare System';'VA Washington DC health care | Veterans Affairs';'Find a health facility near you at [VA System name], and manage your health online. Our health care teams are deeply experienced and guided by the needs of Veterans, their families, and caregivers.';'USVHA_401';'USVHA_89';'https://www.facebook.com/WashingtonDCVAMC';'VA Washington DC Healthcare System Facebook page';'https://twitter.com/DCVAMC';'VA Washington DC Healthcare System at Twitter';'';'';'';'';'/washington-dc-health-care/'
7;'VA Atlanta health care';'VA Atlanta Healthcare System';'VA Atlanta health care | Veterans Affairs';'Find a health facility near you at [VA System name], and manage your health online. Our health care teams are deeply experienced and guided by the needs of Veterans, their families, and caregivers.';'USVHA_410';'USVHA_217';'https://www.facebook.com/AtlantaVAHCS';'VA Atlanta Healthcare System Facebook page';'https://twitter.com/AtlantaVAMC';'VA Atlanta Healthcare System at Twitter';'';'';'';'';'/atlanta-health-care/'
7;'VA Augusta health care';'VA Augusta Healthcare System';'VA Augusta health care | Veterans Affairs';'Find a health facility near you at [VA System name], and manage your health online. Our health care teams are deeply experienced and guided by the needs of Veterans, their families, and caregivers.';'USVHA_411';'USVHA_99';'https://www.facebook.com/VAAugusta';'VA Augusta Healthcare System Facebook page';'https://twitter.com/VAAugusta';'VA Augusta Healthcare System at Twitter';'';'';'';'';'/augusta-health-care/'
7;'VA Birmingham health care';'VA Birmingham Healthcare System';'VA Birmingham health care | Veterans Affairs';'Find a health facility near you at [VA System name], and manage your health online. Our health care teams are deeply experienced and guided by the needs of Veterans, their families, and caregivers.';'USVHA_412';'USVHA_208';'https://www.facebook.com/BirminghamVAMC';'VA Birmingham Healthcare System Facebook page';'https://twitter.com/vabirmingham';'VA Birmingham Healthcare System at Twitter';'';'';'https://www.instagram.com/birminghamvamc';'VA Birmingham Healthcare System at Instagram';'/birmingham-health-care/'
7;'VA Central Alabama health care';'VA Central Alabama Healthcare System';'VA Central Alabama health care | Veterans Affairs';'Find a health facility near you at [VA System name], and manage your health online. Our health care teams are deeply experienced and guided by the needs of Veterans, their families, and caregivers.';'USVHA_413';'USVHA_209';'https://www.facebook.com/VACentralAlabama';'VA Central Alabama Healthcare System Facebook page';'';'';'';'';'';'';'/central-alabama-health-care/'
7;'VA Charleston health care';'VA Charleston Healthcare System';'VA Charleston health care | Veterans Affairs';'Find a health facility near you at [VA System name], and manage your health online. Our health care teams are deeply experienced and guided by the needs of Veterans, their families, and caregivers.';'USVHA_414';'USVHA_210';'https://www.facebook.com/VAMCCharleston';'VA Charleston Healthcare System Facebook page';'https://twitter.com/charlestonvamc';'VA Charleston Healthcare System at Twitter';'';'';'https://www.instagram.com/charlestonvamc/';'VA Charleston Healthcare System at Instagram';'/charleston-health-care/'
7;'VA Columbia South Carolina health care';'VA Columbia South Carolina Healthcare System';'VA Columbia South Carolina health care | Veterans Affairs';'Find a health facility near you at [VA System name], and manage your health online. Our health care teams are deeply experienced and guided by the needs of Veterans, their families, and caregivers.';'USVHA_415';'USVHA_218';'https://www.facebook.com/VAColumbiaSC';'VA Columbia South Carolina Healthcare System Facebook page';'https://twitter.com/VAMCColumbiaSc';'VA Columbia South Carolina Healthcare System at Twitter';'';'';'';'';'/columbia-south-carolina-health-care/'
7;'VA Dublin health care';'VA Dublin Healthcare System';'VA Dublin health care | Veterans Affairs';'Find a health facility near you at [VA System name], and manage your health online. Our health care teams are deeply experienced and guided by the needs of Veterans, their families, and caregivers.';'USVHA_416';'USVHA_223';'https://www.facebook.com/VADublin';'VA Dublin Healthcare System Facebook page';'https://twitter.com/VADublin';'VA Dublin Healthcare System at Twitter';'';'';'';'';'/dublin-health-care/'
7;'VA Tuscaloosa health care';'VA Tuscaloosa Healthcare System';'VA Tuscaloosa health care | Veterans Affairs';'Find a health facility near you at [VA System name], and manage your health online. Our health care teams are deeply experienced and guided by the needs of Veterans, their families, and caregivers.';'USVHA_417';'USVHA_222';'https://www.facebook.com/VATuscaloosa';'VA Tuscaloosa Healthcare System Facebook page';'https://twitter.com/TuscaloosaVA';'VA Tuscaloosa Healthcare System at Twitter';'';'';'';'';'/tuscaloosa-health-care/'
8;'VA Bay Pines health care';'VA Bay Pines Healthcare System';'VA Bay Pines health care | Veterans Affairs';'Find a health facility near you at [VA System name], and manage your health online. Our health care teams are deeply experienced and guided by the needs of Veterans, their families, and caregivers.';'USVHA_360';'USVHA_170';'https://www.facebook.com/VABayPines';'VA Bay Pines Healthcare System Facebook page';'https://twitter.com/vabaypines';'VA Bay Pines Healthcare System at Twitter';'';'';'';'';'/bay-pines-health-care/'
8;'VA Bedford health care';'VA Bedford Healthcare System';'VA Bedford health care | Veterans Affairs';'Find a health facility near you at [VA System name], and manage your health online. Our health care teams are deeply experienced and guided by the needs of Veterans, their families, and caregivers.';'USVHA_370';'USVHA_116';'https://www.facebook.com/BedfordVAHospital';'VA Bedford Healthcare System Facebook page';'';'';'';'';'';'';'/bedford-health-care/'
8;'VA Caribbean health care';'VA Caribbean Healthcare System';'VA Caribbean health care | Veterans Affairs';'Find a health facility near you at [VA System name], and manage your health online. Our health care teams are deeply experienced and guided by the needs of Veterans, their families, and caregivers.';'USVHA_364';'USVHA_234';'https://www.facebook.com/VACaribbean';'VA Caribbean Healthcare System Facebook page';'';'';'';'';'';'';'/caribbean-health-care/'
8;'VA Connecticut health care';'VA Connecticut Healthcare System';'VA Connecticut health care | Veterans Affairs';'Find a health facility near you at [VA System name], and manage your health online. Our health care teams are deeply experienced and guided by the needs of Veterans, their families, and caregivers.';'USVHA_375';'USVHA_112';'https://www.facebook.com/VAConnecticut';'VA Connecticut Healthcare System Facebook page';'';'';'';'';'';'';'/connecticut-health-care/'
8;'VA Miami health care';'VA Miami Healthcare System';'VA Miami health care | Veterans Affairs';'Find a health facility near you at [VA System name], and manage your health online. Our health care teams are deeply experienced and guided by the needs of Veterans, their families, and caregivers.';'USVHA_362';'USVHA_98';'https://www.facebook.com/MiamiVAMC';'VA Miami Healthcare System Facebook page';'https://twitter.com/MiamiVAMC';'VA Miami Healthcare System at Twitter';'';'';'https://instagram.com/MiamiVAMC';'VA Miami Healthcare System at Instagram';'/miami-health-care/'
8;'VA North Florida health care';'VA North Florida Healthcare System';'VA North Florida health care | Veterans Affairs';'Find a health facility near you at [VA System name], and manage your health online. Our health care teams are deeply experienced and guided by the needs of Veterans, their families, and caregivers.';'USVHA_363';'USVHA_172';'https://www.facebook.com/VANFSG';'VA North Florida Healthcare System Facebook page';'';'';'';'';'https://www.instagram.com/vanfsg/';'VA North Florida Healthcare System at Instagram';'/north-florida-health-care/'
8;'VA Orlando health care';'VA Orlando Healthcare System';'VA Orlando health care | Veterans Affairs';'Find a health facility near you at [VA System name], and manage your health online. Our health care teams are deeply experienced and guided by the needs of Veterans, their families, and caregivers.';'USVHA_359';'USVHA_91';'https://www.facebook.com/OVAHCS';'VA Orlando Healthcare System Facebook page';'https://twitter.com/OVAHCS';'VA Orlando Healthcare System at Twitter';'';'';'https://www.instagram.com/ovahcs/';'VA Orlando Healthcare System at Instagram';'/orlando-health-care/'
8;'VA Tampa health care';'VA Tampa Healthcare System';'VA Tampa health care | Veterans Affairs';'Find a health facility near you at [VA System name], and manage your health online. Our health care teams are deeply experienced and guided by the needs of Veterans, their families, and caregivers.';'USVHA_361';'USVHA_171';'https://www.facebook.com/VATampa';'VA Tampa Healthcare System Facebook page';'https://twitter.com/TampaVA';'VA Tampa Healthcare System at Twitter';'https://www.flickr.com/photos/jahvh/albums/';'VA Tampa Healthcare System at Flickr';'https://www.instagram.com/TampaVAMC/';'VA Tampa Healthcare System at Instagram';'/tampa-health-care/'
8;'VA West Palm Beach health care';'VA West Palm Beach Healthcare System';'VA West Palm Beach health care | Veterans Affairs';'Find a health facility near you at [VA System name], and manage your health online. Our health care teams are deeply experienced and guided by the needs of Veterans, their families, and caregivers.';'USVHA_365';'USVHA_173';'https://www.facebook.com/VAWestPalmBeach';'VA West Palm Beach Healthcare System Facebook page';'';'';'https://www.flickr.com/photos/westpalmbeachvamc/albums/';'VA West Palm Beach Healthcare System at Flickr';'';'';'/west-palm-beach-health-care/'
9;'VA Lexington health care';'VA Lexington Healthcare System';'VA Lexington health care | Veterans Affairs';'Find a health facility near you at [VA System name], and manage your health online. Our health care teams are deeply experienced and guided by the needs of Veterans, their families, and caregivers.';'USVHA_504';'USVHA_177';'https://www.facebook.com/VALexington';'VA Lexington Healthcare System Facebook page';'https://www.instagram.com/valexington';'VA Lexington Healthcare System at Twitter';'';'';'';'';'/lexington-health-care/'
9;'VA Louisville health care';'VA Louisville Healthcare System';'VA Louisville health care | Veterans Affairs';'Find a health facility near you at [VA System name], and manage your health online. Our health care teams are deeply experienced and guided by the needs of Veterans, their families, and caregivers.';'USVHA_419';'USVHA_232';'https://www.facebook.com/VALouisville';'VA Louisville Healthcare System Facebook page';'';'';'https://www.flickr.com/photos/louisvillevamc/albums/';'VA Louisville Healthcare System at Flickr';'';'';'/louisville-health-care/'
9;'VA Memphis health care';'VA Memphis Healthcare System';'VA Memphis health care | Veterans Affairs';'Find a health facility near you at [VA System name], and manage your health online. Our health care teams are deeply experienced and guided by the needs of Veterans, their families, and caregivers.';'USVHA_420';'USVHA_90';'https://www.facebook.com/MemphisVAMC';'VA Memphis Healthcare System Facebook page';'https://twitter.com/MemphisVAMC';'VA Memphis Healthcare System at Twitter';'';'';'';'';'/memphis-health-care/'
9;'VA Mountain Home health care';'VA Mountain Home Healthcare System';'VA Mountain Home health care | Veterans Affairs';'Find a health facility near you at [VA System name], and manage your health online. Our health care teams are deeply experienced and guided by the needs of Veterans, their families, and caregivers.';'USVHA_421';'USVHA_176';'https://www.facebook.com/VAMountainHome';'VA Mountain Home Healthcare System Facebook page';'';'';'';'';'';'';'/mountain-home-health-care/'
9;'VA Tennessee Valley health care';'VA Tennessee Valley Healthcare System';'VA Tennessee Valley health care | Veterans Affairs';'Find a health facility near you at [VA System name], and manage your health online. Our health care teams are deeply experienced and guided by the needs of Veterans, their families, and caregivers.';'';'USVHA_233';'https://www.facebook.com/VATVHS';'VA Tennessee Valley Healthcare System Facebook page';'';'';'';'';'';'';'/tennessee-valley-health-care/'
10;'VA Ann Arbor health care';'VA Ann Arbor Healthcare System';'VA Ann Arbor health care | Veterans Affairs';'Find a health facility near you at [VA System name], and manage your health online. Our health care teams are deeply experienced and guided by the needs of Veterans, their families, and caregivers.';'USVHA_432';'USVHA_149';'https://www.facebook.com/VAAnnArbor';'VA Ann Arbor Healthcare System Facebook page';'https://twitter.com/vaannarbor';'VA Ann Arbor Healthcare System at Twitter';'https://www.flickr.com/photos/vaannarbor/albums/';'VA Ann Arbor Healthcare System at Flickr';'';'';'/ann-arbor-health-care/'
10;'VA Central Ohio health care';'VA Central Ohio Healthcare System';'VA Central Ohio health care | Veterans Affairs';'Find a health facility near you at [VA System name], and manage your health online. Our health care teams are deeply experienced and guided by the needs of Veterans, their families, and caregivers.';'USVHA_423';'USVHA_105';'https://www.facebook.com/VAColumbus';'VA Central Ohio Healthcare System Facebook page';'https://twitter.com/va_columbus';'VA Central Ohio Healthcare System at Twitter';'';'';'https://www.instagram.com/vacolumbus';'VA Central Ohio Healthcare System at Instagram';'/central-ohio-health-care/'
10;'VA Chillicothe health care';'VA Chillicothe Healthcare System';'VA Chillicothe health care | Veterans Affairs';'Find a health facility near you at [VA System name], and manage your health online. Our health care teams are deeply experienced and guided by the needs of Veterans, their families, and caregivers.';'USVHA_424';'USVHA_161';'https://www.facebook.com/ChillicotheVAMC';'VA Chillicothe Healthcare System Facebook page';'';'';'';'';'';'';'/chillicothe-health-care/'
10;'VA Cincinnati health care';'VA Cincinnati Healthcare System';'VA Cincinnati health care | Veterans Affairs';'Find a health facility near you at [VA System name], and manage your health online. Our health care teams are deeply experienced and guided by the needs of Veterans, their families, and caregivers.';'USVHA_425';'USVHA_148';'https://www.facebook.com/CincinnatiVAMC';'VA Cincinnati Healthcare System Facebook page';'';'';'';'';'';'';'/cincinnati-health-care/'
10;'VA Dayton health care';'VA Dayton Healthcare System';'VA Dayton health care | Veterans Affairs';'Find a health facility near you at [VA System name], and manage your health online. Our health care teams are deeply experienced and guided by the needs of Veterans, their families, and caregivers.';'USVHA_427';'USVHA_127';'https://www.facebook.com/DaytonVAMC';'VA Dayton Healthcare System Facebook page';'';'';'';'';'https://www.instagram.com/DaytonVAMC/';'VA Dayton Healthcare System at Instagram';'/dayton-health-care/'
10;'VA Northeast Ohio health care';'VA Northeast Ohio Healthcare System';'VA Northeast Ohio health care | Veterans Affairs';'Find a health facility near you at [VA System name], and manage your health online. Our health care teams are deeply experienced and guided by the needs of Veterans, their families, and caregivers.';'USVHA_426';'USVHA_104';'https://www.facebook.com/ClevelandVAMC';'VA Northeast Ohio Healthcare System Facebook page';'https://twitter.com/ClevelandVAMC';'VA Northeast Ohio Healthcare System at Twitter';'';'';'';'';'/northeast-ohio-health-care/'
10;'VA Battle Creek health care';'VA Battle Creek Healthcare System';'VA Battle Creek health care | Veterans Affairs';'Find a health facility near you at [VA System name], and manage your health online. Our health care teams are deeply experienced and guided by the needs of Veterans, their families, and caregivers.';'USVHA_428';'USVHA_162';'https://www.facebook.com/VABattleCreek';'VA Battle Creek Healthcare System Facebook page';'https://twitter.com/BattleCreekVAMC';'VA Battle Creek Healthcare System at Twitter';'';'';'';'';'/battle-creek-health-care/'
10;'VA Detroit health care';'VA Detroit Healthcare System';'VA Detroit health care | Veterans Affairs';'Find a health facility near you at [VA System name], and manage your health online. Our health care teams are deeply experienced and guided by the needs of Veterans, their families, and caregivers.';'USVHA_429';'USVHA_106';'https://www.facebook.com/VADetroit';'VA Detroit Healthcare System Facebook page';'https://twitter.com/vadetroit';'VA Detroit Healthcare System at Twitter';'';'';'';'';'/detroit-health-care/'
12;'VA Illiana health care';'VA Illiana Healthcare System';'VA Illiana health care | Veterans Affairs';'Find a health facility near you at [VA System name], and manage your health online. Our health care teams are deeply experienced and guided by the needs of Veterans, their families, and caregivers.';'USVHA_433';'USVHA_150';'https://www.facebook.com/VADanville';'VA Illiana Healthcare System Facebook page';'';'';'';'';'';'';'/illiana-health-care/'
10;'VA Indiana health care';'VA Indiana Healthcare System';'VA Indiana health care | Veterans Affairs';'Find a health facility near you at [VA System name], and manage your health online. Our health care teams are deeply experienced and guided by the needs of Veterans, their families, and caregivers.';'USVHA_430';'USVHA_151';'https://www.facebook.com/VAIndianapolis';'VA Indiana Healthcare System Facebook page';'https://twitter.com/VAIndianapolis';'VA Indiana Healthcare System at Twitter';'';'';'';'';'/indiana-health-care/'
10;'VA Northern Indiana health care';'VA Northern Indiana Healthcare System';'VA Northern Indiana health care | Veterans Affairs';'Find a health facility near you at [VA System name], and manage your health online. Our health care teams are deeply experienced and guided by the needs of Veterans, their families, and caregivers.';'USVHA_434';'USVHA_128';'https://www.facebook.com/VANorthernIndiana';'VA Northern Indiana Healthcare System Facebook page';'https://twitter.com/VANIHCS';'VA Northern Indiana Healthcare System at Twitter';'';'';'https://www.instagram.com/vanorthernindiana/';'VA Northern Indiana Healthcare System at Instagram';'/northern-indiana-health-care/'
10;'VA Saginaw health care';'VA Saginaw Healthcare System';'VA Saginaw health care | Veterans Affairs';'Find a health facility near you at [VA System name], and manage your health online. Our health care teams are deeply experienced and guided by the needs of Veterans, their families, and caregivers.';'USVHA_431';'USVHA_107';'https://www.facebook.com/VASaginaw';'VA Saginaw Healthcare System Facebook page';'';'';'';'';'';'';'/saginaw-health-care/'
12;'Lovell FHCC health care';'Lovell FHCC Healthcare System';'Lovell FHCC health care | Veterans Affairs';'Find a health facility near you at [VA System name], and manage your health online. Our health care teams are deeply experienced and guided by the needs of Veterans, their families, and caregivers.';'USVHA_435';'USVHA_230';'https://www.facebook.com/lovellfhcc';'Lovell FHCC Healthcare System Facebook page';'https://twitter.com/lovellfhcc';'Lovell FHCC Healthcare System at Twitter';'';'';'';'';'/lovell-fhcc-health-care/'
12;'VA Chicago health care';'VA Chicago Healthcare System';'VA Chicago health care | Veterans Affairs';'Find a health facility near you at [VA System name], and manage your health online. Our health care teams are deeply experienced and guided by the needs of Veterans, their families, and caregivers.';'USVHA_436';'USVHA_152';'https://www.facebook.com/VAChicago';'VA Chicago Healthcare System Facebook page';'https://twitter.com/ChicagoVAMC';'VA Chicago Healthcare System at Twitter';'';'';'https://www.instagram.com/VAChicago';'VA Chicago Healthcare System at Instagram';'/chicago-health-care/'
12;'VA Hines health care';'VA Hines Healthcare System';'VA Hines health care | Veterans Affairs';'Find a health facility near you at [VA System name], and manage your health online. Our health care teams are deeply experienced and guided by the needs of Veterans, their families, and caregivers.';'USVHA_437';'USVHA_92';'https://www.facebook.com/HinesVAHospital';'VA Hines Healthcare System Facebook page';'https://twitter.com/HinesVAH';'VA Hines Healthcare System at Twitter';'';'';'https://www.instagram.com/hinesvahospital/';'VA Hines Healthcare System at Instagram';'/hines-health-care/'
12;'VA Iron Mountain health care';'VA Iron Mountain Healthcare System';'VA Iron Mountain health care | Veterans Affairs';'Find a health facility near you at [VA System name], and manage your health online. Our health care teams are deeply experienced and guided by the needs of Veterans, their families, and caregivers.';'USVHA_438';'USVHA_130';'https://www.facebook.com/VAIronMountain';'VA Iron Mountain Healthcare System Facebook page';'https://twitter.com/vaironmountain';'VA Iron Mountain Healthcare System at Twitter';'';'';'';'';'/iron-mountain-health-care/'
12;'VA Madison health care';'VA Madison Healthcare System';'VA Madison health care | Veterans Affairs';'Find a health facility near you at [VA System name], and manage your health online. Our health care teams are deeply experienced and guided by the needs of Veterans, their families, and caregivers.';'USVHA_441';'USVHA_153';'https://www.facebook.com/MadisonVAHospital';'VA Madison Healthcare System Facebook page';'';'';'';'';'';'';'/madison-health-care/'
12;'VA Milwaukee health care';'VA Milwaukee Healthcare System';'VA Milwaukee health care | Veterans Affairs';'Find a health facility near you at [VA System name], and manage your health online. Our health care teams are deeply experienced and guided by the needs of Veterans, their families, and caregivers.';'USVHA_439';'USVHA_129';'https://www.facebook.com/MilwaukeeVA';'VA Milwaukee Healthcare System Facebook page';'https://twitter.com/milwaukeeva';'VA Milwaukee Healthcare System at Twitter';'https://www.flickr.com/milwaukeeva/albums/';'VA Milwaukee Healthcare System at Flickr';'https://www.instagram.com/milwaukeeva/';'VA Milwaukee Healthcare System at Instagram';'/milwaukee-health-care/'
12;'VA Tomah health care';'VA Tomah Healthcare System';'VA Tomah health care | Veterans Affairs';'Find a health facility near you at [VA System name], and manage your health online. Our health care teams are deeply experienced and guided by the needs of Veterans, their families, and caregivers.';'USVHA_440';'USVHA_131';'https://www.facebook.com/TomahVAMC2';'VA Tomah Healthcare System Facebook page';'https://twitter.com/TomahVAMC';'VA Tomah Healthcare System at Twitter';'https://www.flickr.com/TomahVAMC/albums/';'VA Tomah Healthcare System at Flickr';'';'';'/tomah-health-care/'
15;'VA Columbia Missouri health care';'VA Columbia Missouri Healthcare System';'VA Columbia Missouri health care | Veterans Affairs';'Find a health facility near you at [VA System name], and manage your health online. Our health care teams are deeply experienced and guided by the needs of Veterans, their families, and caregivers.';'USVHA_442';'USVHA_194';'https://www.facebook.com/VAColumbiaMO';'VA Columbia Missouri Healthcare System Facebook page';'https://twitter.com/VAColumbiaMO';'VA Columbia Missouri Healthcare System at Twitter';'';'';'https://www.instagram.com/columbiamova/';'VA Columbia Missouri Healthcare System at Instagram';'/columbia-missouri-health-care/'
15;'VA Kansas City health care';'VA Kansas City Healthcare System';'VA Kansas City health care | Veterans Affairs';'Find a health facility near you at [VA System name], and manage your health online. Our health care teams are deeply experienced and guided by the needs of Veterans, their families, and caregivers.';'USVHA_443';'USVHA_199';'https://www.facebook.com/VAKansasCity';'VA Kansas City Healthcare System Facebook page';'https://twitter.com/VAKansasCity';'VA Kansas City Healthcare System at Twitter';'';'';'https://www.flickr.com/photos/vakansascity/albums/';'VA Kansas City Healthcare System at Instagram';'/kansas-city-health-care/'
15;'VA Leavenworth health care';'VA Leavenworth Healthcare System';'VA Leavenworth health care | Veterans Affairs';'Find a health facility near you at [VA System name], and manage your health online. Our health care teams are deeply experienced and guided by the needs of Veterans, their families, and caregivers.';'USVHA_447';'USVHA_195';'https://www.facebook.com/LeavenworthVAMC';'VA Leavenworth Healthcare System Facebook page';'';'';'';'';'';'';'/leavenworth-health-care/'
15;'VA Marion health care';'VA Marion Healthcare System';'VA Marion health care | Veterans Affairs';'Find a health facility near you at [VA System name], and manage your health online. Our health care teams are deeply experienced and guided by the needs of Veterans, their families, and caregivers.';'USVHA_444';'USVHA_181';'https://www.facebook.com/MarionVA';'VA Marion Healthcare System Facebook page';'https://twitter.com/MarionVA';'VA Marion Healthcare System at Twitter';'https://www.flickr.com/photos/marionva/albums/';'VA Marion Healthcare System at Flickr';'';'';'/marion-health-care/'
15;'VA Poplar Bluff health care';'VA Poplar Bluff Healthcare System';'VA Poplar Bluff health care | Veterans Affairs';'Find a health facility near you at [VA System name], and manage your health online. Our health care teams are deeply experienced and guided by the needs of Veterans, their families, and caregivers.';'USVHA_445';'USVHA_200';'https://www.facebook.com/PoplarBluffVAMC';'VA Poplar Bluff Healthcare System Facebook page';'';'';'';'';'';'';'/poplar-bluff-health-care/'
15;'VA St Louis health care';'VA St Louis Healthcare System';'VA St Louis health care | Veterans Affairs';'Find a health facility near you at [VA System name], and manage your health online. Our health care teams are deeply experienced and guided by the needs of Veterans, their families, and caregivers.';'USVHA_446';'USVHA_197';'https://www.facebook.com/VAStLouis';'VA St Louis Healthcare System Facebook page';'https://twitter.com/stlouisva';'VA St Louis Healthcare System at Twitter';'';'';'';'';'/st-louis-health-care/'
15;'VA Topeka health care';'VA Topeka Healthcare System';'VA Topeka health care | Veterans Affairs';'Find a health facility near you at [VA System name], and manage your health online. Our health care teams are deeply experienced and guided by the needs of Veterans, their families, and caregivers.';'USVHA_505';'USVHA_196';'https://www.facebook.com/TopekaVAMC';'VA Topeka Healthcare System Facebook page';'';'';'';'';'';'';'/topeka-health-care/'
15;'VA Wichita health care';'VA Wichita Healthcare System';'VA Wichita health care | Veterans Affairs';'Find a health facility near you at [VA System name], and manage your health online. Our health care teams are deeply experienced and guided by the needs of Veterans, their families, and caregivers.';'USVHA_448';'USVHA_198';'https://www.facebook.com/RobertJDoleVAMC';'VA Wichita Healthcare System Facebook page';'https://twitter.com/RobertJDoleVAMC';'VA Wichita Healthcare System at Twitter';'';'';'';'';'/wichita-health-care/'
17;'VA Amarillo health care';'VA Amarillo Healthcare System';'VA Amarillo health care | Veterans Affairs';'Find a health facility near you at [VA System name], and manage your health online. Our health care teams are deeply experienced and guided by the needs of Veterans, their families, and caregivers.';'USVHA_463';'USVHA_156';'https://www.facebook.com/VAAmarillo';'VA Amarillo Healthcare System Facebook page';'';'';'';'';'';'';'/amarillo-health-care/'
17;'VA Central Texas health care';'VA Central Texas Healthcare System';'VA Central Texas health care | Veterans Affairs';'Find a health facility near you at [VA System name], and manage your health online. Our health care teams are deeply experienced and guided by the needs of Veterans, their families, and caregivers.';'USVHA_459';'USVHA_164';'https://www.facebook.com/CentralTexasVA';'VA Central Texas Healthcare System Facebook page';'';'';'';'';'';'';'/central-texas-health-care/'
17;'VA North Texas health care';'VA North Texas Healthcare System';'VA North Texas health care | Veterans Affairs';'Find a health facility near you at [VA System name], and manage your health online. Our health care teams are deeply experienced and guided by the needs of Veterans, their families, and caregivers.';'USVHA_462';'USVHA_163';'https://www.facebook.com/VANorthTexas';'VA North Texas Healthcare System Facebook page';'https://twitter.com/VANorthTexas';'VA North Texas Healthcare System at Twitter';'https://www.flickr.com/photos/vanorthtexas';'VA North Texas Healthcare System at Flickr';'';'';'/north-texas-health-care/'
17;'VA South Texas health care';'VA South Texas Healthcare System';'VA South Texas health care | Veterans Affairs';'Find a health facility near you at [VA System name], and manage your health online. Our health care teams are deeply experienced and guided by the needs of Veterans, their families, and caregivers.';'USVHA_460';'USVHA_165';'https://www.facebook.com/SanAntonioVAMC';'VA South Texas Healthcare System Facebook page';'https://twitter.com/SanAntonioVAMC';'VA South Texas Healthcare System at Twitter';'';'';'';'';'/south-texas-health-care/'
17;'VA Texas Valley health care';'VA Texas Valley Healthcare System';'VA Texas Valley health care | Veterans Affairs';'Find a health facility near you at [VA System name], and manage your health online. Our health care teams are deeply experienced and guided by the needs of Veterans, their families, and caregivers.';'USVHA_461';'USVHA_235';'https://www.facebook.com/VCBHCS';'VA Texas Valley Healthcare System Facebook page';'https://twitter.com/VCBHCS';'VA Texas Valley Healthcare System at Twitter';'';'';'https://www.instagram.com/VCBHCS/';'VA Texas Valley Healthcare System at Instagram';'/texas-valley-health-care/'
17;'VA El Paso health care';'VA El Paso Healthcare System';'VA El Paso health care | Veterans Affairs';'Find a health facility near you at [VA System name], and manage your health online. Our health care teams are deeply experienced and guided by the needs of Veterans, their families, and caregivers.';'USVHA_464';'USVHA_159';'https://www.facebook.com/VAElPaso';'VA El Paso Healthcare System Facebook page';'';'';'';'';'';'';'/el-paso-health-care/'
22;'VA New Mexico health care';'VA New Mexico Healthcare System';'VA New Mexico health care | Veterans Affairs';'Find a health facility near you at [VA System name], and manage your health online. Our health care teams are deeply experienced and guided by the needs of Veterans, their families, and caregivers.';'USVHA_465';'USVHA_154';'https://www.facebook.com/VANewMexico';'VA New Mexico Healthcare System Facebook page';'https://twitter.com/VANewMexico';'VA New Mexico Healthcare System at Twitter';'';'';'';'';'/new-mexico-health-care/'
22;'VA Northern Arizona health care';'VA Northern Arizona Healthcare System';'VA Northern Arizona health care | Veterans Affairs';'Find a health facility near you at [VA System name], and manage your health online. Our health care teams are deeply experienced and guided by the needs of Veterans, their families, and caregivers.';'USVHA_466';'USVHA_160';'https://www.facebook.com/VAPrescott';'VA Northern Arizona Healthcare System Facebook page';'';'';'https://www.flickr.com/photos/137109092@N03/albums/';'VA Northern Arizona Healthcare System at Flickr';'';'';'/northern-arizona-health-care/'
22;'VA Phoenix health care';'VA Phoenix Healthcare System';'VA Phoenix health care | Veterans Affairs';'Find a health facility near you at [VA System name], and manage your health online. Our health care teams are deeply experienced and guided by the needs of Veterans, their families, and caregivers.';'USVHA_467';'USVHA_155';'https://www.facebook.com/PhxVAHealthcare';'VA Phoenix Healthcare System Facebook page';'https://twitter.com/PhxVAHealthcare';'VA Phoenix Healthcare System at Twitter';'';'';'';'';'/phoenix-health-care/'
17;'VA West Texas health care';'VA West Texas Healthcare System';'VA West Texas health care | Veterans Affairs';'Find a health facility near you at [VA System name], and manage your health online. Our health care teams are deeply experienced and guided by the needs of Veterans, their families, and caregivers.';'USVHA_468';'USVHA_158';'https://www.facebook.com/VAWestTexas';'VA West Texas Healthcare System Facebook page';'';'';'';'';'';'';'/west-texas-health-care/'
20;'VA Alaska health care';'VA Alaska Healthcare System';'VA Alaska health care | Veterans Affairs';'Find a health facility near you at [VA System name], and manage your health online. Our health care teams are deeply experienced and guided by the needs of Veterans, their families, and caregivers.';'USVHA_477';'USVHA_221';'https://www.facebook.com/VAAlaska';'VA Alaska Healthcare System Facebook page';'';'';'';'';'https://instagram.com/alaskavahcs';'VA Alaska Healthcare System at Instagram';'/alaska-health-care/'
20;'VA Boise health care';'VA Boise Healthcare System';'VA Boise health care | Veterans Affairs';'Find a health facility near you at [VA System name], and manage your health online. Our health care teams are deeply experienced and guided by the needs of Veterans, their families, and caregivers.';'USVHA_478';'USVHA_205';'https://www.facebook.com/BoiseVAMC';'VA Boise Healthcare System Facebook page';'';'';'';'';'';'';'/boise-health-care/'
20;'VA Portland health care';'VA Portland Healthcare System';'VA Portland health care | Veterans Affairs';'Find a health facility near you at [VA System name], and manage your health online. Our health care teams are deeply experienced and guided by the needs of Veterans, their families, and caregivers.';'USVHA_479';'USVHA_206';'https://www.facebook.com/vaportland';'VA Portland Healthcare System Facebook page';'https://twitter.com/vaportland';'VA Portland Healthcare System at Twitter';'';'';'';'';'/portland-health-care/'
20;'VA Puget Sound health care';'VA Puget Sound Healthcare System';'VA Puget Sound health care | Veterans Affairs';'Find a health facility near you at [VA System name], and manage your health online. Our health care teams are deeply experienced and guided by the needs of Veterans, their families, and caregivers.';'USVHA_482';'USVHA_95';'https://www.facebook.com/vapugetsound';'VA Puget Sound Healthcare System Facebook page';'https://twitter.com/vapugetsound';'VA Puget Sound Healthcare System at Twitter';'';'';'';'';'/puget-sound-health-care/'
20;'VA Roseburg health care';'VA Roseburg Healthcare System';'VA Roseburg health care | Veterans Affairs';'Find a health facility near you at [VA System name], and manage your health online. Our health care teams are deeply experienced and guided by the needs of Veterans, their families, and caregivers.';'USVHA_483';'USVHA_207';'https://www.facebook.com/VARoseburg';'VA Roseburg Healthcare System Facebook page';'https://twitter.com/varoseburg';'VA Roseburg Healthcare System at Twitter';'';'';'https://www.instagram.com/varoseburg/';'VA Roseburg Healthcare System at Instagram';'/roseburg-health-care/'
20;'VA Southern Oregon health care';'VA Southern Oregon Healthcare System';'VA Southern Oregon health care | Veterans Affairs';'Find a health facility near you at [VA System name], and manage your health online. Our health care teams are deeply experienced and guided by the needs of Veterans, their families, and caregivers.';'USVHA_480';'USVHA_219';'https://www.facebook.com/VASouthOregon';'VA Southern Oregon Healthcare System Facebook page';'https://twitter.com/VASouthOregon';'VA Southern Oregon Healthcare System at Twitter';'';'';'';'';'/southern-oregon-health-care/'
20;'VA Spokane health care';'VA Spokane Healthcare System';'VA Spokane health care | Veterans Affairs';'Find a health facility near you at [VA System name], and manage your health online. Our health care teams are deeply experienced and guided by the needs of Veterans, their families, and caregivers.';'USVHA_481';'USVHA_220';'https://www.facebook.com/VASpokane';'VA Spokane Healthcare System Facebook page';'https://twitter.com/spokaneva';'VA Spokane Healthcare System at Twitter';'';'';'';'';'/spokane-health-care/'
20;'VA Wallawalla health care';'VA Wallawalla Healthcare System';'VA Wallawalla health care | Veterans Affairs';'Find a health facility near you at [VA System name], and manage your health online. Our health care teams are deeply experienced and guided by the needs of Veterans, their families, and caregivers.';'USVHA_484';'USVHA_212';'https://www.facebook.com/VAWallaWalla';'VA Wallawalla Healthcare System Facebook page';'https://twitter.com/VAWallaWalla';'VA Wallawalla Healthcare System at Twitter';'';'';'https://www.instagram.com/vawallawalla';'VA Wallawalla Healthcare System at Instagram';'/wallawalla-health-care/'
22;'VA Greater Los Angeles health care';'VA Greater Los Angeles Healthcare System';'VA Greater Los Angeles health care | Veterans Affairs';'Find a health facility near you at [VA System name], and manage your health online. Our health care teams are deeply experienced and guided by the needs of Veterans, their families, and caregivers.';'USVHA_491';'USVHA_119';'https://www.facebook.com/losangelesva';'VA Greater Los Angeles Healthcare System Facebook page';'https://twitter.com/losangelesva';'VA Greater Los Angeles Healthcare System at Twitter';'';'';'';'';'/greater-los-angeles-health-care/'
22;'VA Loma Linda health care';'VA Loma Linda Healthcare System';'VA Loma Linda health care | Veterans Affairs';'Find a health facility near you at [VA System name], and manage your health online. Our health care teams are deeply experienced and guided by the needs of Veterans, their families, and caregivers.';'USVHA_492';'USVHA_132';'https://www.facebook.com/VALomaLinda';'VA Loma Linda Healthcare System Facebook page';'https://twitter.com/VALomaLinda';'VA Loma Linda Healthcare System at Twitter';'';'';'';'';'/loma-linda-health-care/'
22;'VA Long Beach health care';'VA Long Beach Healthcare System';'VA Long Beach health care | Veterans Affairs';'Find a health facility near you at [VA System name], and manage your health online. Our health care teams are deeply experienced and guided by the needs of Veterans, their families, and caregivers.';'USVHA_493';'USVHA_97';'https://www.facebook.com/VALongBeach';'VA Long Beach Healthcare System Facebook page';'https://twitter.com/VALongBeach';'VA Long Beach Healthcare System at Twitter';'';'';'';'';'/long-beach-health-care/'
22;'VA San Diego health care';'VA San Diego Healthcare System';'VA San Diego health care | Veterans Affairs';'Find a health facility near you at [VA System name], and manage your health online. Our health care teams are deeply experienced and guided by the needs of Veterans, their families, and caregivers.';'USVHA_490';'USVHA_133';'https://www.facebook.com/VASanDiego';'VA San Diego Healthcare System Facebook page';'https://twitter.com/VASanDiego';'VA San Diego Healthcare System at Twitter';'';'';'';'';'/san-diego-health-care/'
22;'VA Southern Arizona health care';'VA Southern Arizona Healthcare System';'VA Southern Arizona health care | Veterans Affairs';'Find a health facility near you at [VA System name], and manage your health online. Our health care teams are deeply experienced and guided by the needs of Veterans, their families, and caregivers.';'USVHA_469';'USVHA_157';'https://www.facebook.com/VATucson';'VA Southern Arizona Healthcare System Facebook page';'https://twitter.com/tucsonva';'VA Southern Arizona Healthcare System at Twitter';'';'';'https://instagram.com/vatucson';'VA Southern Arizona Healthcare System at Instagram';'/southern-arizona-health-care/'
1;'VA Central Western Massachusetts health care';'VA Central Western Massachusetts Healthcare System';'VA Central Western Massachusetts health care | Veterans Affairs';'Find a health facility near you at [VA System name], and manage your health online. Our health care teams are deeply experienced and guided by the needs of Veterans, their families, and caregivers.';'USVHA_372';'USVHA_113';'https://www.facebook.com/VACWMASS';'VA Central Western Massachusetts Healthcare System Facebook page';'';'';'';'';'';'';'/central-western-massachusetts-health-care/'
1;'VA Maine health care';'VA Maine Healthcare System';'VA Maine health care | Veterans Affairs';'Find a health facility near you at [VA System name], and manage your health online. Our health care teams are deeply experienced and guided by the needs of Veterans, their families, and caregivers.';'USVHA_376';'USVHA_115';'https://www.facebook.com/VAMaine';'VA Maine Healthcare System Facebook page';'';'';'';'';'';'';'/maine-health-care/'
1;'VA Manchester health care';'VA Manchester Healthcare System';'VA Manchester health care | Veterans Affairs';'Find a health facility near you at [VA System name], and manage your health online. Our health care teams are deeply experienced and guided by the needs of Veterans, their families, and caregivers.';'USVHA_371';'USVHA_118';'https://www.facebook.com/ManchesterVAMC';'VA Manchester Healthcare System Facebook page';'https://twitter.com/VAManchester';VA Manchester Healthcare System at Twitter';'';'';'';'';'/manchester-health-care/'
1;'VA Providence health care';'VA Providence Healthcare System';'VA Providence health care | Veterans Affairs';'Find a health facility near you at [VA System name], and manage your health online. Our health care teams are deeply experienced and guided by the needs of Veterans, their families, and caregivers.';'USVHA_373';'USVHA_114';'https://www.facebook.com/VAProvidence';'VA Providence Healthcare System Facebook page';'https://twitter.com/VAProvidence';VA Providence Healthcare System at Twitter';'';'';'';'';'/providence-health-care/'
1;'VA White River Junction health care';'VA White River Junction Healthcare System';'VA White River Junction health care | Veterans Affairs';'Find a health facility near you at [VA System name], and manage your health online. Our health care teams are deeply experienced and guided by the needs of Veterans, their families, and caregivers.';'USVHA_377';'USVHA_117';'https://www.facebook.com/VAWhiteRiverJunction';'VA White River Junction Healthcare System Facebook page';'https://twitter.com/WRJ_VAMC';VA White River Junction Healthcare System at Twitter';'';'';'';'';'/white-river-junction-health-care/'
5;'VA Clarksburg health care';'VA Clarksburg Healthcare System';'VA Clarksburg health care | Veterans Affairs';'Find a health facility near you at [VA System name], and manage your health online. Our health care teams are deeply experienced and guided by the needs of Veterans, their families, and caregivers.';'USVHA_390';'USVHA_236';'https://www.facebook.com/VAClarksburg';'VA Clarksburg Healthcare System Facebook page';'';'';'';'';'';'';'/clarksburg-health-care/'
5;'VA Martinsburg health care';'VA Martinsburg Healthcare System';'VA Martinsburg health care | Veterans Affairs';'Find a health facility near you at [VA System name], and manage your health online. Our health care teams are deeply experienced and guided by the needs of Veterans, their families, and caregivers.';'USVHA_399';'USVHA_167';'https://www.facebook.com/MartinsburgVAMC';'VA Martinsburg Healthcare System Facebook page';'https://twitter.com/MartinsburgVAMC';VA Martinsburg Healthcare System at Twitter';'';'';'';'';'/martinsburg-health-care/'
5;'VA Beckley health care';'VA Beckley Healthcare System';'VA Beckley health care | Veterans Affairs';'Find a health facility near you at [VA System name], and manage your health online. Our health care teams are deeply experienced and guided by the needs of Veterans, their families, and caregivers.';'USVHA_403';'USVHA_184';'https://www.facebook.com/VABeckley';'VA Beckley Healthcare System Facebook page';'';'';'';'';'';'';'/beckley-health-care/'
5;'VA Huntington health care';'VA Huntington Healthcare System';'VA Huntington health care | Veterans Affairs';'Find a health facility near you at [VA System name], and manage your health online. Our health care teams are deeply experienced and guided by the needs of Veterans, their families, and caregivers.';'USVHA_418';'USVHA_231';'https://www.facebook.com/VAWoodyWilliams';'VA Huntington Healthcare System Facebook page';'';'';'';'';'';'';'/huntington-health-care/'
