"Facility_Name","Facility_Number","parent_office","District","Non_VA_Location_Official_Name","Non_VA_Location_URL","Shared_VHA_Location_ID"
"Boston VA Regional Benefit Office",301,301,"Northeast","NULL","NULL","NULL"
"Veteran Readiness and Employment Office at Springfield, MA Vet Center","301a",301,"Northeast","NULL","NULL","vc_0103V"
"Veteran Readiness and Employment Office at Worcester VA Clinic","301b",301,"Northeast","NULL","NULL","vha_631GE"
"Providence VA Regional Benefit Office",304,304,"Northeast","NULL","NULL","NULL"
"VA Regional Benefit Satellite Office at Providence VA Medical Center","304a",304,"Northeast","NULL","NULL","vha_650"
"VetSuccess on Campus at Rhode Island College","304h",304,"Northeast","Rhode Island College","https://www.ric.edu","NULL"
"VetSuccess on Campus at Community College of Rhode Island Knight Campus","304j",304,"Northeast","Community College of Rhode Island Knight Campus","https://www.ccri.edu","NULL"
"VetSuccess on Campus at Community College of Rhode Island Liston Campus","304k",304,"Northeast","Community College of Rhode Island Liston Campus","https://www.ccri.edu","NULL"
"New York VA Regional Benefit Office",306,306,"Northeast","NULL","NULL","NULL"
"VA Regional Benefit Satellite Office at Franklin Delano Roosevelt Hospital","306a",306,"Northeast","NULL","NULL","vha_620"
"VA Regional Benefit Satellite Office at Samuel S. Stratton Department of Veterans Affairs Medical Center","306b",306,"Northeast","NULL","NULL","vha_528A8"
"Integrated Disability Evaluation System (IDES) Site at Franklin Delano Roosevelt Hospital","306d",306,"Northeast","NULL","NULL","vha_620"
"VA Regional Benefit Satellite Office at Castle Point VA Medical Center","306f",306,"Northeast","NULL","NULL","vha_620A4"
"VA Regional Benefit Satellite Office at Franklin Delano Roosevelt Hospital","306g",306,"Northeast","NULL","NULL","vha_620"
"VA Regional Benefit Satellite Office at Manhattan VA Medical Center","306h",306,"Northeast","NULL","NULL","vha_630"
"VA Regional Benefit Satellite Office at Manhattan VA Medical Center","306i",306,"Northeast","NULL","NULL","vha_630"
"VA Regional Benefit Satellite Office at Northport VA Medical Center","306j",306,"Northeast","NULL","NULL","vha_632"
"Buffalo VA Regional Benefit Office",307,307,"Northeast","NULL","NULL","NULL"
"VA Regional Benefit Satellite Office at Rochester Calkins VA Clinic","307a",307,"Northeast","NULL","NULL","vha_528QC"
"VetSuccess on Campus at Syracuse University","307b",307,"Northeast","Syracuse University","https://www.syracuse.edu","NULL"
"Syracuse Veteran Readiness and Employment Office","307c",307,"Northeast","NULL","NULL","NULL"
"Veteran Readiness and Employment Office at Fort Drum","307d",307,"Northeast","Fort Drum","NULL","NULL"
"Pre-Discharge Site at Fort Drum","307e",307,"Northeast","Fort Drum","https://home.army.mil/drum/","NULL"
"Integrated Disability Evaluation System (IDES) Site at Fort Drum","307f",307,"Northeast","Fort Drum","https://home.army.mil/drum/","NULL"
"Hartford VA Regional Benefit Office at Newington VA Clinic",308,308,"Northeast","NULL","NULL","vha_689A4"
"VA Regional Benefit Satellite Office at Naval Submarine Base New London","308b",308,"Northeast","Naval Submarine Base New London","https://www.cnic.navy.mil/regions/cnrma/installations/navsubbase_new_london.html","NULL"
"Veteran Readiness and Employment Office at Naval Submarine Base New London","308d",308,"Northeast","Naval Submarine Base New London","https://www.cnic.navy.mil/regions/cnrma/installations/navsubbase_new_london.html","NULL"
"Newark VA Regional Benefit Office",309,309,"Northeast","NULL","NULL","NULL"
"Philadelphia VA Regional Benefit Office",310,310,"Northeast","NULL","NULL","NULL"
"Pre-Discharge Site at Carlisle Barracks","310a",310,"Northeast","Carlisle Barracks","https://home.army.mil/carlisle/index.php","NULL"
"Pre-Discharge Site at Joint Base McGuire-Dix-Lakehurst","310b",310,"Northeast","Joint Base McGuire-Dix-Lakehurst","https://www.jbmdl.jb.mil","NULL"
"Veteran Readiness and Employment Office at Wilkes-Barre VA Medical Center","310e",310,"Northeast","NULL","NULL","NULL"
"Harrisburg Veteran Readiness and Employment Office","310g",310,"Northeast","NULL","NULL","NULL"
"Pittsburgh VA Regional Benefit Office",311,311,"Northeast","NULL","NULL","NULL"
"Pre-Discharge Site at U.S. Army Garrison Humphreys","311a",311,"Northeast","U.S. Army Garrison Humphreys","https://home.army.mil/humphreys/","NULL"
"Pre-Discharge Site at Landstuhl Regional Medical Center","311b",311,"Northeast","Landstuhl Regional Medical Center","https://landstuhl.tricare.mil","NULL"
"Baltimore VA Regional Benefit Office",313,313,"Northeast","NULL","NULL","NULL"
"Pre-Discharge Site at Fort George G. Meade Kimbrough Ambulatory Care Clinic","313a",313,"Northeast","Fort George G. Meade","https://home.army.mil/meade/index.php","NULL"
"Pre-Discharge Site at the United States Naval Academy","313b",313,"Northeast","United States Naval Academy","https://www.usna.edu/homepage.php","NULL"
"Pre-Discharge Site at US Naval Air Station Patuxent River ","313c",313,"Northeast","Naval Air Station Patuxent River","https://www.cnic.navy.mil/regions/ndw/installations/nas_patuxent_river.html","NULL"
"Veteran Readiness and Employment Office at Waldorf","313d",313,"Northeast","NULL","NULL","NULL"
"Veteran Readiness and Employment Office at W. Paul Martin District Court & Multi-Service Center","313e",313,"Northeast","W. Paul Martin District Court & Multi-Service Center","https://dgs.maryland.gov/pages/facilities/locations_detail.aspx?LID=38","NULL"
"Veteran Readiness and Employment Office at Veterans Affairs Acquisition Academy","313f",313,"Northeast","Veterans Affairs Acquisition Academy","https://www.acquisitionacademy.va.gov","NULL"
"Roanoke VA Regional Benefit Office",314,314,"Southeast","NULL","NULL","NULL"
"Integrated Disability Evaluation System (IDES) Site at Joint Base Langley-Eustis","314aa",314,"Southeast","Joint Base Langley-Eustis","https://www.jble.af.mil","NULL"
"VetSuccess on Campus at Tidewater Community College Norfolk Campus","314ab",314,"Southeast","Tidewater Community College","https://www.tcc.edu","NULL"
"VA Regional Benefit Satellite Office at Norfolk","314b",314,"Southeast","NULL","NULL","NULL"
"VetSuccess on Campus at Norfolk State University","314c",314,"Southeast","Norfolk State University","https://www.nsu.edu","NULL"
"VetSuccess on Campus at ECPI University","314e",314,"Southeast","ECPI University","https://www.ecpi.edu","NULL"
"VA Regional Benefit Satellite Office at The Net Center","314g",314,"Southeast","NULL","NULL","NULL"
"VetSuccess on Campus at Old Dominion University","314h",314,"Southeast","Old Dominion University","https://www.odu.edu","NULL"
"VA Regional Benefit Satellite Office at Hunter Holmes McGuire Hospital","314i",314,"Southeast","NULL","NULL","vha_652"
"VetSuccess on Campus at Tidewater Community College Virginia Beach Campus","314j",314,"Southeast","Tidewater Community College","https://www.tcc.edu","NULL"
"VetSuccess on Campus at Liberty University","314k",314,"Southeast","Liberty University","https://www.liberty.edu","NULL"
"VetSuccess on Campus at Tidewater Community College Portsmouth Campus","314l",314,"Southeast","Tidewater Community College","https://www.tcc.edu","NULL"
"VetSuccess on Campus at Tidewater Community College Chesapeake Campus","314m",314,"Southeast","Tidewater Community College","https://www.tcc.edu","NULL"
"Integrated Disability Evaluation System (IDES) Site at Joint Base Langley-Eustis","314n",314,"Southeast","Joint Base Langley-Eustis","https://www.jble.af.mil","NULL"
"Integrated Disability Evaluation System (IDES) Site at Fort Lee","314o",314,"Southeast","Fort Lee","https://home.army.mil/lee/","NULL"
"Integrated Disability Evaluation System (IDES) Site at Naval Medical Center Portsmouth","314q",314,"Southeast","Naval Medical Center Portsmouth","https://portsmouth.tricare.mil","NULL"
"Pre-Discharge Site at Norfolk Naval Base","314v",314,"Southeast","Norfolk Fleet and Family Services US Navy","https://www.navymwrnavalstationnorfolk.com","NULL"
"Huntington VA Regional Benefit Office",315,315,"Southeast","NULL","NULL","NULL"
"Veteran Readiness and Employment Office at Martinsburg VA Medical Center","315d",315,"Southeast","NULL","NULL","vha_613"
"Veteran Readiness and Employment Office at Beckley VA Medical Center","315e",315,"Southeast","NULL","NULL","vha_517"
"Veteran Readiness and Employment Office at Charleston VA Clinic","315f",315,"Southeast","NULL","NULL","vha_581GB"
"Veteran Readiness and Employment Office at Clarksburg VA Medical Center","315g",315,"Southeast","NULL","NULL","vha_540"
"Veteran Readiness and Employment Office at West Virginia University ","315h",315,"Southeast","West Virginia University","https://www.wvu.edu","NULL"
"Atlanta VA Regional Benefit Office",316,316,"Southeast","NULL","NULL","NULL"
"Atlanta Veteran Readiness and Employment Office","316a",316,"Southeast","NULL","NULL","NULL"
"Veteran Readiness and Employment Office at Augusta VA Medical Center","316b",316,"Southeast","NULL","NULL","vha_509A0"
"Columbus, GA Veteran Readiness and Employment Office","316c",316,"Southeast","Columbus, GA Health Department ","https://www.columbus.gov/publichealth/","NULL"
"Veteran Readiness and Employment Office at Fort Benning","316d",316,"Southeast","Fort Benning","https://home.army.mil/benning/","NULL"
"Integrated Disability Evaluation System (IDES) Site at Fort Benning","316e",316,"Southeast","Fort Benning","https://home.army.mil/benning/","NULL"
"Veteran Readiness and Employment Office at Ft. Gordon","316f",316,"Southeast","Fort Gordon","https://home.army.mil/gordon/index.php","NULL"
"Integrated Disability Evaluation System (IDES) Site at Fort Gordon","316g",316,"Southeast","Fort Gordon","https://home.army.mil/gordon/","NULL"
"Pre-Discharge Site at Fort Stewart","316h",316,"Southeast","Fort Stewart-Hunter Army Airfield","https://home.army.mil/stewart/index.php","NULL"
"Pre-Discharge Site at Fort Benning","316i",316,"Southeast","Fort Benning","https://home.army.mil/benning/","NULL"
"Pre-Discharge Site at Fort Gordon","316j",316,"Southeast","Fort Gordon","https://home.army.mil/gordon/","NULL"
"Integrated Disability Evaluation System (IDES) Site at Fort Stewart-Hunter Army Airfield","316k",316,"Southeast","Fort Stewart-Hunter Army Airfield","https://home.army.mil/stewart/","NULL"
"Integrated Disability Evaluation System (IDES) Site at Robins Air Force Base","316m",316,"Southeast","Robins Air Force Base","https://www.robins.af.mil","NULL"
"Tifton Veteran Readiness and Employment Office","316n",316,"Southeast","NULL","NULL","NULL"
"Savannah Veteran Readiness and Employment Office","316o",316,"Southeast","NULL","NULL","NULL"
"VetSuccess on Campus at Kennesaw State University","316p",316,"Southeast","Kennesaw State University","https://www.kennesaw.edu","NULL"
"St. Petersburg VA Regional Benefit Office",317,317,"Southeast","NULL","NULL","NULL"
"Veteran Readiness and Employment Office at West Palm Beach VA Medical Center","317a",317,"Southeast","NULL","NULL","vha_548"
"VetSuccess on Campus at Florida State College at Jacksonville","317aa",317,"Southeast","Florida State College at Jacksonville","https://www.fscj.edu","NULL"
"Pre-Discharge Site at MacDill Air Force Base","317ab",317,"Southeast","MacDill Air Force Base","https://www.macdill.af.mil","NULL"
"Pre-Discharge Site at Naval Air Station Jacksonville","317ac",317,"Southeast","Naval Air Station Jacksonville","https://www.cnic.navy.mil/regions/cnrse/installations/nas_jacksonville.html","NULL"
"Pre-Discharge Site at Naval Station Mayport","317ad",317,"Southeast","Naval Station Mayport","https://www.cnic.navy.mil/regions/cnrse/installations/ns_mayport.html","NULL"
"Pre-Discharge Site at Naval Air Station Pensacola","317ae",317,"Southeast","Naval Air Station Pensacola","https://www.cnic.navy.mil/regions/cnrse/installations/nas_pensacola.html","NULL"
"Pre-Discharge Site at Pensacola VA Clinic","317af",317,"Southeast","NULL","NULL","vha_520BZ"
"Pre-Discharge Site at Tyndall Air Force Base","317ai",317,"Southeast","Tyndall Air Force Base","https://www.tyndall.af.mil","NULL"
"Veteran Readiness and Employment Office at William 'Bill' Kling Department of Veterans Affairs Outpatient Clinic","317b",317,"Southeast","NULL","NULL","vha_546BZ"
"Fort Myers Veteran Readiness and Employment Office","317c",317,"Southeast","NULL","NULL","NULL"
"Veteran Readiness and Employment Office at Naples Vet Center","317d",317,"Southeast","NULL","NULL","NULL"
"Jacksonville Veteran Readiness and Employment Office ","317e",317,"Southeast","NULL","NULL","NULL"
"Veteran Readiness and Employment Office at Gainesville Vet Center","317f",317,"Southeast","NULL","NULL","NULL"
"Veteran Readiness and Employment Office at Sergeant Ernest I. ""Boots"" Thomas VA Clinic","317g",317,"Southeast","NULL","NULL","vha_573GF"
"Sarasota Veteran Readiness and Employment Office","317h",317,"Southeast","NULL","NULL","NULL"
"Veteran Readiness and Employment Office at James A. Haley Veterans' Hospital","317i",317,"Southeast","NULL","NULL","vha_673"
"Veteran Readiness and Employment Office at Tampa Workforce Office","317j",317,"Southeast","Tampa Bay Workforce Alliance in Riverview","https://careersourcetampabay.com/","NULL"
"VetSuccess on Campus at University of South Florida","317k",317,"Southeast","University of South Florida","https://www.usf.edu","NULL"
"VA Regional Benefit Satellite Office at Lake Baldwin VA Clinic","317l",317,"Southeast","NULL","NULL","vha_675GG"
"Integrated Disability Evaluation System (IDES) Site at Naval Air Station Jacksonville","317m",317,"Southeast","Naval Air Station Jacksonville","https://www.cnic.navy.mil/regions/cnrse/installations/nas_jacksonville.html","NULL"
"Veteran Readiness and Employment Office at the Villages VA Clinic","317o",317,"Southeast","NULL","NULL","vha_573GI"
"VetSuccess on Campus at Florida State College at Jacksonville","317p",317,"Southeast","Florida State College at Jacksonville","https://www.fscj.edu","NULL"
"VetSuccess on Campus at Florida International University","317q",317,"Southeast","Florida International University","https://www.fiu.edu","NULL"
"VetSuccess on Campus at Florida State University","317r",317,"Southeast","Florida State University","https://www.fsu.edu","NULL"
"VetSuccess on Campus at Tallahassee Community College","317s",317,"Southeast","Tallahassee Community College","https://www.tcc.fl.edu","NULL"
"VetSuccess on Campus at University of Florida","317t",317,"Southeast","University of Florida","https://www.ufl.edu","NULL"
"VetSuccess on Campus at Santa Fe College","317u",317,"Southeast","Santa Fe College","https://www.sfcollege.edu","NULL"
"Pre-Discharge Site at Hurlburt Field","317v",317,"Southeast","Hurlburt Field","https://www.hurlburt.af.mil","NULL"
"Pre-Discharge Site at Eglin Air Force Base","317w",317,"Southeast","Eglin Air Force Base","https://www.eglin.af.mil","NULL"
"Pre-Discharge Site at Bruce W. Carter Department of Veterans Affairs Medical Center","317x",317,"Southeast","NULL","NULL","vha_546"
"Pre-Discharge Site at Naval Submarine Base Kings Bay","317y",317,"Southeast","Naval Submarine Base Kings Bay","https://www.cnic.navy.mil/regions/cnrse/installations/navsubbase_kings_bay.html","NULL"
"Veteran Readiness and Employment Office at Malcolm Randall Department of Veterans Affairs Medical Center","317z",317,"Southeast","NULL","NULL","vha_573"
"Winston-Salem VA Regional Benefit Office",318,318,"Southeast","NULL","NULL","NULL"
"Pre-Discharge Site at Camp Lejeune ","318a",318,"Southeast","Marine Corp Base Camp Lejeune ","https://www.lejeune.marines.mil","NULL"
"Veteran Readiness and Employment Office at Winston-Salem","318c",318,"Southeast","NULL","NULL","NULL"
"Veteran Readiness and Employment Office at Seymour Johnson Air Force Base","318d",318,"Southeast","Seymour Johnson Air Force Base","https://www.seymourjohnson.af.mil","NULL"
"Veteran Readiness and Employment Office at Fort Bragg","318e",318,"Southeast","Fort Bragg","https://home.army.mil/bragg/index.php","NULL"
"Veteran Readiness and Employment Office at Marine Corps Base Camp Lejeune","318f",318,"Southeast","NULL","NULL","NULL"
"Veteran Readiness and Employment Office at East Carolina University","318h",318,"Southeast","East Carolina University","https://www.ecu.edu","NULL"
"Veteran Readiness and Employment Office at W.G. (Bill) Hefner Salisbury VA Medical Center","318l",318,"Southeast","NULL","NULL","vha_659"
"Veteran Readiness and Employment Office at Charles George Department of Veterans Affairs Medical Center","318m",318,"Southeast","NULL","NULL","vha_637"
"Pre-Discharge Site at Fort Bragg ","318p",318,"Southeast","Fort Bragg","https://home.army.mil/bragg/index.php","NULL"
"Veteran Readiness and Employment Office at South Charlotte VA Clinic","318q",318,"Southeast","NULL","NULL","vha_659BZ"
"Veteran Readiness and Employment at Fayetteville Technical Community College","318r",318,"Southeast","Fayetteville Technical Community College","https://www.faytechcc.edu/","NULL"
"Columbia VA Regional Benefit Office",319,319,"Southeast","NULL","NULL","NULL"
"Integrated Disability Evaluation System (IDES) Site at Joint Base Charleston","319a",319,"Southeast","Joint Base Charleston","https://www.jbcharleston.jb.mil","NULL"
"Veteran Readiness and Employment Office at Beaufort Naval Hospital","319b",319,"Southeast","Beaufort Naval Hospital","https://beaufort.tricare.mil","NULL"
"Integrated Disability Evaluation System (IDES) Site at Joint Base Charleston","319c",319,"Southeast","Joint Base Charleston","https://www.jbcharleston.jb.mil","NULL"
"Veteran Readiness and Employment Office at Moncrief Army Community Hospital","319d",319,"Southeast","Fort Jackson Moncrief Army Health Clinic","https://moncrief.tricare.mil","NULL"
"Integrated Disability Evaluation System (IDES) Site at Shaw Air Force Base","319e",319,"Southeast","Shaw Air Force Base","https://www.shaw.af.mil","NULL"
"Charleston Veteran Readiness and Employment Office","319f",319,"Southeast","NULL","NULL","NULL"
"Greenville Veteran Readiness and Employment Office","319g",319,"Southeast","NULL","NULL","NULL"
"VA Regional Benefit Satellite Office at Fort Jackson Army Education Center","319h",319,"Southeast","NULL","NULL","NULL"
"VetSuccess on Campus at Midland Technical College","319i",319,"Southeast","Midland Technical College","https://www.midlandstech.edu","NULL"
"Nashville VA Regional Benefit Office",320,320,"Southeast","NULL","NULL","NULL"
"VetSuccess on Campus at Austin Peay State University","320a",320,"Southeast","Austin Peay State University","https://www.apsu.edu","NULL"
"Clarksville Veteran Readiness and Employment Office","320b",320,"Southeast","NULL","NULL","NULL"
"Knoxville Veteran Readiness and Employment Office (J.D. Duncan Federal Building)","320c",320,"Southeast","J.D. Duncan Federal Building","https://www.gsa.gov/real-estate/design-construction/design-excellence/sustainability/sustainable-design/leed-building-information/gsas-first-40-leed-projects/john-duncan-federal-office-building-knoxville-tn","NULL"
"Memphis Veteran Readiness and Employment Office","320d",320,"Southeast","NULL","NULL","NULL"
"VetSuccess on Campus at Middle Tennessee State University","320f",320,"Southeast","Middle Tennessee State University","https://www.mtsu.edu","NULL"
"VA Regional Benefits Satellite Office at Fort Campbell","320g",320,"Southeast","Fort Campbell","https://home.army.mil/campbell/index.php","NULL"
"New Orleans VA Regional Benefit Office at New Orleans VA Medical Center",321,321,"Southeast","NULL","NULL","vha_629"
"Veteran Readiness and Employment Office at New Orleans Vet Center","321a",321,"Southeast","NULL","NULL","vc_0717V"
"Shreveport Veteran Readiness and Employment Office","321b",321,"Southeast","NULL","NULL","NULL"
"Integrated Disability Evaluation System (IDES) and  Pre-Discharge Claims Intake Site at Fort Polk ","321e",321,"Southeast","Fort Polk","https://home.army.mil/polk/","NULL"
"Montgomery VA Regional Benefit Office",322,322,"Southeast","NULL","NULL","NULL"
"Birmingham Veteran Readiness and Employment Office","322c",322,"Southeast","NULL","NULL","NULL"
"Huntsville Veteran Readiness and Employment Office","322d",322,"Southeast","NULL","NULL","NULL"
"Mobile, AL Veteran Readiness and Employment Office","322e",322,"Southeast","NULL","NULL","NULL"
"Daleville Veteran Readiness and Employment Office","322f",322,"Southeast","NULL","NULL","NULL"
"VetSuccess on Campus at University of Alabama","322g",322,"Southeast","University of Alabama","https://www.ua.edu","NULL"
"VetSuccess on Campus at Troy University","322h",322,"Southeast","Troy University","https://www.troy.edu","NULL"
"Pensacola Veteran Readiness and Employment Office","322i",322,"Southeast","NULL","NULL","NULL"
"Fort Walton Beach Veteran Readiness and Employment Office","322j",322,"Southeast","NULL","NULL","NULL"
"VetSuccess on Campus at Northwest Florida State College","322k",322,"Southeast","Northwest Florida State College","https://www.nwfsc.edu","NULL"
"VetSuccess on Campus at University of West Florida","322l",322,"Southeast","University of West Florida","https://uwf.edu","NULL"
"VA Regional Benefit Satellite Office at Hurlburt Field","322m",322,"Southeast","Hurlburt Field","https://www.hurlburt.af.mil","NULL"
"Integrated Disability Evaluation System (IDES) and Pre-Discharge Claims Intake Site at Fort Rucker","322n",322,"Southeast","Fort Rucker","https://home.army.mil/rucker/","NULL"
"Integrated Disability Evaluation System (IDES) and Pre-Discharge Claims Intake Site at Maxwell Air Force Base","322o",322,"Southeast","Maxwell Air Force Base","https://www.maxwell.af.mil","NULL"
"Integrated Disability Evaluation System (IDES) and Pre-Discharge Claims Intake Site at Redstone Arsemal","322p",322,"Southeast","Redstone Arsenal","https://home.army.mil/redstone/","NULL"
"Jackson VA Regional Benefit Office",323,323,"Southeast","NULL","NULL","NULL"
"VA Regional Benefit Satellite Office at Biloxi VA Medical Center","323a",323,"Southeast","NULL","NULL","vha_520"
"Veteran Readiness and Employment Office at Biloxi VA Medical Center","323b",323,"Southeast","NULL","NULL","vha_520"
"VA Regional Benefit Satellite Office at Keesler Air Force Base ","323c",323,"Southeast","Keelser Air Force Base","https://www.keesler.af.mil","NULL"
"VetSuccess on Campus at University of Southern Mississippi (USM)","323d",323,"Southeast","The University of Southern Mississippi","https://www.usm.edu","NULL"
"Cleveland VA Regional Benefit Office",325,325,"Northeast","Anthony J Celebrezze Federal Building","https://www.gsa.gov/about-us/regions/welcome-to-the-great-lakes-region-5/buildings-and-facilities/ohio/anthony-j-celebrezze-federal-building","NULL"
"VA Regional Benefit Satellite Office at Wright Patterson Air Force Base ","325a",325,"Northeast","Wright-Patterson Air Force Base","https://www.wpafb.af.mil","NULL"
"VA Regional Benefit Satellite Office at Cincinatti Veterans of Foreign Wars","325b",325,"Northeast","Cincinnati Veterans of Foreign Wars","NULL","NULL"
"VetSuccess on Campus at The Ohio State University","325c",325,"Northeast","The Ohio State University","https://www.osu.edu/","NULL"
"VetSuccess on Campus at Cleveland State University","325d",325,"Northeast","University of Cincinnati","https://www.uc.edu/","NULL"
"VA Regional Benefit Satellite Office at Athens VA Clinic","325f",325,"Northeast","NULL","NULL","vha_538GA"
"VA Regional Benefit Satellite Office at Dayton VA Medical Center","325g",325,"Northeast","NULL","NULL","vha_552"
"VetSuccess on Campus at University of Cincinnati","325h",325,"Northeast","University of Cincinnati","https://www.uc.edu/","NULL"
"Indianapolis VA Regional Benefit Office",326,326,"Northeast","NULL","NULL","NULL"
"VA Regional Benefit Satellite Office at Wakeman VA Clinic","326a",326,"Northeast","NULL","NULL","vha_583GF"
"VA Regional Benefit Satellite Office at Marion VA Medical Center","326c",326,"Northeast","NULL","NULL","vha_610"
"VA Regional Benefit Satellite Office at Scott County VA Clinic","326d",326,"Northeast","NULL","NULL","vha_603GG"
"Columbus, IN Veteran Readiness and Employment Office","326e",326,"Northeast","NULL","NULL","NULL"
"VA Regional Benefit Satellite Office at Evansville Vet Center","326f",326,"Northeast","NULL","NULL","vc_0418V"
"Seamless Transition Integrated Care Clinic (STICC) at Richard L. Roudebush VA Medical Center","326g",326,"Northeast","NULL","NULL","vha_528A8"
"VA Regional Benefit Satellite Office at Fort Wayne VA Medical Center","326h",326,"Northeast","NULL","NULL","vha_610A4"
"Louisville VA Regional Benefit Office",327,327,"Southeast","NULL","NULL","NULL"
"Veteran Readiness and Employment Office at Bowling Green State University","327a",327,"Southeast","Bowling Green State University","https://www.bgsu.edu","NULL"
"VetSuccess on Campus at University of Kentucky ","327b",327,"Southeast","University of Kentucky","https://www.uky.edu/UKHome/","NULL"
"VetSuccess on Campus at Eastern Kentucky University","327c",327,"Southeast","Eastern Kentucky University","https://www.eku.edu","NULL"
"Veteran Readiness and Employment Office at Franklin R. Sousley Campus","327d",327,"Southeast","NULL","NULL","vha_596"
"Veteran Readiness and Employment Office at Fort Knox","327e",327,"Southeast","Fort Knox","https://home.army.mil/knox/","NULL"
"Pre-Discharge Site at Fort Knox","327f",327,"Southeast","Fort Knox","https://home.army.mil/knox/","NULL"
"Integrated Disability Evaluation System (IDES) Site at Fort Knox","327g",327,"Southeast","Fort Knox","https://home.army.mil/knox/","NULL"
"VetSuccess on Campus at Elizabethtown Community and Technical College","327h",327,"Southeast","Elizabethtown Community and Technical College","https://elizabethtown.kctcs.edu","NULL"
"Chicago VA Regional Benefit Office",328,328,"Northeast","NULL","NULL","NULL"
"VA Regional Benefit Satellite Office at Captain James A. Lovell Federal Health Care Center","328a",328,"Northeast","NULL","NULL","vha_556"
"Belleville Veteran Readiness and Employment Office","328b",328,"Northeast","NULL","NULL","NULL"
"Veteran Readiness and Employment Office at Peoria Vet Center","328c",328,"Northeast","NULL","NULL","vc_0417V"
"Veteran Readiness and Employment Office at University of Illinois at Urbana-Champaign","328d",328,"Northeast","University of Illinois at Urbana-Champaign","https://illinois.edu","NULL"
"Veteran Readiness and Employment Office at Southwestern Illinois College","328e",328,"Northeast","Southwestern Illinois College","https://www.swic.edu","NULL"
"Detroit VA Regional Benefit Office",329,329,"Northeast","Patrick V. McNamara Federal Building","https://www.gsa.gov/about-us/regions/welcome-to-the-great-lakes-region-5/buildings-and-facilities/michigan/patrick-v-mcnamara-federal-building","NULL"
"Macomb County Veteran Readiness and Employment Office","329a",329,"Northeast","Robert A. Verkuilen Building","https://vets.macombgov.org/vets-home","NULL"
"Grand Rapids Veteran Readiness and Employment Office","329b",329,"Northeast","Gerald R. Ford Federal Building and US Courthouse","https://www.gsa.gov/about-us/regions/welcome-to-the-great-lakes-region-5/buildings-and-facilities/michigan/gerald-r-ford-federal-building-and-us-courthouse","NULL"
"Veteran Readiness and Employment Office at Oscar G. Johnson VA Medical Center","329c",329,"Northeast","NULL","NULL","vha_585"
"East Lansing Veteran Readiness and Employment Office","329d",329,"Northeast","NULL","NULL","NULL"
"Mt. Pleasant Veteran Readiness and Employment Office","329e",329,"Northeast","Isabella County Administration Building","https://www.isabellacounty.org/","NULL"
"Saginaw Veteran Readiness and Employment Office","329f",329,"Northeast","NULL","NULL","vc_0433V"
"Veteran Readiness and Employment Office at Battle Creek VA Medical Center","329g",329,"Northeast","NULL","NULL","vha_515"
"Veteran Readiness and Employment Office at University of Michigan-Flint","329h",329,"Northeast","University of Michigan-Flint","https://www.umflint.edu/","NULL"
"Veteran Readiness and Employment Office at Ann Arbor VA Medical Center","329i",329,"Northeast","NULL","NULL","vha_506"
"Veteran Readiness and Employment Office at Colonel Demas T. Craw VA Clinic","329j",329,"Northeast","NULL","NULL","vha_655GB"
"VetSuccess on Campus at Eastern Michigan University","329k",329,"Northeast","Eastern Michigan University","https://www.emich.edu","NULL"
"VetSuccess on Campus at Washtenaw Community College","329l",329,"Northeast","Washtenaw Community College","https://www.wccnet.edu","NULL"
"VetSuccess on Campus at University of Michigan","329m",329,"Northeast","University of Michigan","https://umich.edu","NULL"
"VetSuccess on Campus at Western Michigan University","329n",329,"Northeast","Western Michigan University","https://wmich.edu","NULL"
"VetSuccess on Campus at Kalamazoo Valley Community College","329o",329,"Northeast","Kalamazoo Valley Community College","https://www.kvcc.edu","NULL"
"VetSuccess on Campus at Kellogg Community College","329p",329,"Northeast","Kellogg Community College","https://www.kellogg.edu","NULL"
"Milwaukee Regional Benefit Office",330,330,"Northeast","NULL","NULL","NULL"
"VetSuccess on Campus at University of Wisconsin-Milwaukee","330a",330,"Northeast","University of Wisconsin-Milwaukee","https://uwm.edu","NULL"
"Green Bay Veteran Readiness and Employment Office","330b",330,"Northeast","NULL","NULL","NULL"
"Eau Claire Veteran Readiness and Employment Office","330c",330,"Northeast","NULL","NULL","NULL"
"Madison Veteran Readiness and Employment Office","330f",330,"Northeast","NULL","NULL","vha_607"
"St. Louis VA Regional Benefit Office",331,331,"Northeast","NULL","NULL","NULL"
"Veteran Readiness and Employment Office and Pre-Discharge Site at Fort Leonard Wood","331a",331,"Northeast","Fort Leonard Wood","https://home.army.mil/wood/index.php","NULL"
"Lees Summit Veteran Readiness and Employment Office","331b",331,"Northeast","NULL","NULL","NULL"
"VA Regional Benefit Satellite Office at Springfield, MO","331d",331,"Northeast","NULL","NULL","NULL"
"VetSuccess on Campus at Webster University","331e",331,"Northeast","Webster Univerrsity","https://www.webster.edu","NULL"
"Pre-Discharge Site at Scott Air Force Base ","331f",331,"Northeast","Scott Air Force Base","https://www.scott.af.mil","NULL"
"Pre-Discharge Site at Whiteman Air Force Base","331h",331,"Northeast","Whiteman Air Force Base","https://www.whiteman.af.mil","NULL"
"Des Moines VA Regional Benefit Office",333,333,"Continental","NULL","NULL","NULL"
"Davenport Veteran Readiness and Employment Office","333a",333,"Continental","NULL","NULL","NULL"
"Cedar Rapids Veteran Readiness and Employment Office","333b",333,"Continental","NULL","NULL","NULL"
"Veteran Readiness and Employment Office at Sioux City Vet Center","333c",333,"Continental","NULL","NULL","vc_0428V"
"VA Regional Benefit Satellite Office at Des Moines VA Medical Center","333d",333,"Continental","NULL","NULL","vha_636A6"
"VA Regional Benefit Satellite Office at Iowa City VA Medical Center","333e",333,"Continental","NULL","NULL","vha_636A8"
"Lincoln VA Regional Benefit Office",334,334,"Continental","NULL","NULL","NULL"
"Pre-Discharge Site at Offutt Air Force Base ","334a",334,"Continental","Offutt Air Force Base","https://www.offutt.af.mil","NULL"
"VetSuccess on Campus at University of Nebraska Omaha","334b",334,"Continental","University of Nebraska Omaha","https://www.unomaha.edu","NULL"
"Omaha Veteran Readiness and Employment Office","334c",334,"Continental","Zorinsky Federal Building","https://www.gsa.gov/about-us/regions/welcome-to-the-heartland-region-6/buildings-and-facilities/nebraska/edward-zorinsky-federal-building","NULL"
"VA Regional Benefit Satellite Office at Omaha VA Medical Center","334d",334,"Continental","NULL","NULL","vha_636"
"VA Regional Benefit Satellite Office at Grand Island VA Medical Center","334e",334,"Continental","NULL","NULL","vha_636A4"
"VA Regional Benefit Satellite Office at Lincoln VA Clinic","334f",334,"Continental","NULL","NULL","vha_636A5"
"VetSuccess on Campus at Bellevue University","334g",334,"Continental","Bellevue University ","https://www.bellevue.edu/?ab=b","NULL"
"Sidney Veteran Readiness and Employment Office","334i",334,"Continental","Sidney NE Armory","NULL","NULL"
"St. Paul VA Regional Benefit Office",335,335,"Continental","Henry Whipple Federal Building","https://www.gsa.gov/about-us/regions/welcome-to-the-great-lakes-region-5/buildings-and-facilities/minnesota/bishop-henry-whipple-federal-building","NULL"
"VA Regional Benefit Satellite Office at Minneapolis VA Medical Center","335a",335,"Continental","NULL","NULL","vha_618"
"VA Regional Benefit Satellite Office at St. Cloud VA Medical Center","335b",335,"Continental","NULL","NULL","vha_656"
"VA Regional Benefit Satellite Office at Gerald W. Heaney Federal Building & U.S. Courthouse","335d",335,"Continental","Gerald W. Heaney Federal Building & U.S. Courthouse","https://www.gsa.gov/about-us/regions/welcome-to-the-great-lakes-region-5/buildings-and-facilities/minnesota/gerald-w-heaney-federal-building-us-courthouse","NULL"
"Denver VA Regional Benefit Office",339,339,"Continental","NULL","NULL","NULL"
"Integrated Disability Evaluation System (IDES) at Fort Carson","339a",339,"Continental","Fort Carson","https://www.carson.army.mil","NULL"
"VA Regional Benefit Satellite Office at PFC Floyd K. Lindstrom VA Clinic","339b",339,"Continental","NULL","NULL","vha_554GE"
"VA Regional Benefit Satellite Office at Grand Junction VA Medical Center","339c",339,"Continental","NULL","NULL","vha_575"
"Grand Junction Veteran Readiness and Employment Office","339d",339,"Continental","NULL","NULL","NULL"
"Albuquerque VA Regional Benefit Office",340,340,"Pacific","Dennis Chavez Federal Building","https://www.gsa.gov/about-us/regions/welcome-to-the-greater-southwest-region-7/buildings-and-facilities/new-mexico/d-chavez-federal-building","NULL"
"Las Cruces Veteran Readiness and Employment Office","340a",340,"Pacific","NULL","NULL","NULL"
"VetSuccess on Campus at University of New Mexico","340b",340,"Pacific","University of New Mexico","https://www.unm.edu","NULL"
"Salt Lake City VA Regional Benefit Office at George E. Wahlen Department of Veterans Affairs Medical Center",341,341,"Pacific","NULL","NULL","vha_660"
"Veteran Readiness and Employment Office at St. George Vet Center","341a",341,"Pacific","NULL","NULL","vc_0540V"
"Salt Lake City Veteran Readiness and Employment Office at George E. Wahlen Department of Veterans Affairs Medical Center","341b",341,"Pacific","NULL","NULL","vha_660"
"Ogden Veteran Readiness and Employment Office","341c",341,"Pacific","Hansen Federal Building","https://www.gsa.gov/historic-buildings/james-v-hansen-federal-building-ogden-ut","NULL"
"VetSuccess on Campus at Salt Lake Community College","341d",341,"Pacific","Salt Lake Community College","https://www.slcc.edu/","NULL"
"VetSuccess on Campus at University of Utah","341e",341,"Pacific","University of Utah","https://www.utah.edu","NULL"
"VetSuccess on Campus at Weber State University","341f",341,"Pacific","Weber State University","https://www.weber.edu","NULL"
"Pre-Discharge Site at Hill Air Force Base","341g",341,"Pacific","Hill Air Force Base","https://www.hill.af.mil","NULL"
"Oakland VA Regional Benefit Office",343,343,"Pacific","Ronald V. Dellums Federal Building","https://www.gsa.gov/about-us/regions/welcome-to-the-pacific-rim-region-9/buildings-and-facilities/california/ronald-v-dellums-federal-building-and-us-courthouse","NULL"
"VA Regional Benefit Satellite Office at Sacramento VA Medical Center - Mather","343a",343,"Pacific","NULL","NULL","vha_612A4"
"VA Regional Benefit Satellite Office at Fresno","343ao",343,"Pacific","NULL","NULL","NULL"
"Pre-Discharge Site at Beale Air Force Base Hospital ","343ar",343,"Pacific","Beale Air Force Base","https://www.beale.af.mil","NULL"
"Pre-Discharge Site at Naval Airstation Lemoore","343as",343,"Pacific","Naval Air Station Lemoore","https://www.cnic.navy.mil/regions/cnrsw/installations/nas_lemoore.html","NULL"
"Pre-Discharge Site at Travis Air Force Base ","343at",343,"Pacific","Travis Air Force Base ","https://www.travis.af.mil","NULL"
"VA Regional Benefit Satellite Office at Martinez VA Medical Center","343b",343,"Pacific","NULL","NULL","vha_612GF"
"VA Regional Benefit Satellite Office at Palo Alto VA Medical Center","343c",343,"Pacific","NULL","NULL","vha_640"
"Veteran Readiness and Employment Office at Monterey ","343d",343,"Pacific","NULL","NULL","vha_640HC"
"VA Regional Benefit Satellite Office at Sacramento","343e",343,"Pacific","NULL","NULL","NULL"
"VetSuccess on Campus at American River College ","343g",343,"Pacific","American River College ","https://arc.losrios.edu","NULL"
"Veteran Readiness and Employment Office at Jerry L. Pettis Memorial Veterans' Hospital","343q",344,"Pacific","NULL","NULL","vha_605"
"Los Angeles VA Regional Benefit Office",344,344,"Pacific","NULL","NULL","NULL"
"Pre-Discharge Site at Fort Irwin Army Career and Alumni Program ","344a",344,"Pacific","NULL","NULL","NULL"
"Pre-Discharge Site at Edwards Air Force Base Airman and Family Readiness Center ","344b",344,"Pacific","Edwards Air Force Base","https://www.edwards.af.mil","NULL"
"VA Regional Benefit Satellite Office at Naval Base Ventura County","344c",344,"Pacific","Naval Base Ventura County","https://www.cnic.navy.mil/regions/cnrsw/installations/navbase_ventura_county.html","NULL"
"Los Angeles Veteran Readiness and Employment Office","344d",344,"Pacific","NULL","NULL","NULL"
"Pre-Discharge Site at Los Angeles Air Force Base ","344e",344,"Pacific","Los Angeles Air Force Base","https://www.losangeles.spaceforce.mil","NULL"
"Veteran Readiness and Employment Office at Twentynine Palms Marine Corps Air Ground Combat Center","344f",344,"Pacific","NULL","NULL","NULL"
"VetSuccess on Campus at Mt. San Antonio College","344g",344,"Pacific","Mt. San Antonio College","https://www.mtsac.edu","NULL"
"VetSuccess on Campus at Citrus College","344h",344,"Pacific","Citrus College","https://www.citruscollege.edu/Pages/home.aspx","NULL"
"VetSuccess on Campus at Saddleback College","344i",344,"Pacific","Saddleback College","https://www.saddleback.edu","NULL"
"VetSuccess on Campus at Irvine Valley College","344j",344,"Pacific","Irvine Valley College","https://www.ivc.edu","NULL"
"VetSuccess on Campus at Cal State LA","344k",344,"Pacific","Cal State LA","https://www.calstatela.edu","NULL"
"VetSuccess on Campus at Los Angeles City College","344l",344,"Pacific","Los Angeles City College","https://www.lacitycollege.edu","NULL"
"VetSuccess on Campus at California State University, Long Beach","344m",344,"Pacific","California State University, Long Beach","https://www.csulb.edu","NULL"
"VetSuccess on Campus at Long Beach City College","344n",344,"Pacific","Long Beach City College","https://www.lbcc.edu","NULL"
"Veteran Readiness and Employment Office at National Training Center and Fort Irwin","344o",344,"Pacific","National Training Center and Fort Irwin","https://home.army.mil/irwin/index.php","NULL"
"VetSuccess on Campus at Pasadena City College","344p",344,"Pacific","Pasadena City College","https://pasadena.edu","NULL"
"Pre-Discharge Site at China Lake Naval Air Weapons Station ","344r",344,"Pacific","China Lake Naval Air Weapons Station ","https://www.cnic.navy.mil/regions/cnrsw/installations/naws_china_lake.html","NULL"
"Pre-Discharge Site at Naval Base Ventura County","344v",344,"Pacific","Naval Base Ventura County","https://www.cnic.navy.mil/regions/cnrsw/installations/navbase_ventura_county.html","NULL"
"Pre-Discharge Site at Twentynine Palms Marine Corps Air Ground Combat Center ","344x",344,"Pacific","Marine Corps Air Ground Combat Center Twentynine Palms","https://www.29palms.marines.mil","NULL"
"Phoenix VA Regional Benefit Office",345,345,"Pacific","NULL","NULL","NULL"
"Tucson Veteran Readiness and Employment Office","345a",345,"Pacific","NULL","NULL","NULL"
"Flagstaff Veteran Readiness and Employment Office","345b",345,"Pacific","NULL","NULL","NULL"
"Veteran Readiness and Employment Office at Fort Huachuca","345e",345,"Pacific","Fort Huachuca","https://home.army.mil/huachuca/index.php","NULL"
"VetSuccess on Campus at Arizona State University","345g",345,"Pacific","Arizona State University","https://www.asu.edu","NULL"
"VA Regional Benefit Satellite Office at Davis-Monthan Air Force Base","345h",345,"Pacific","Davis-Monthan Air Force Base","https://www.dm.af.mil","NULL"
"VA Regional Benefit Satellite Office at Raymond W. Bliss Army Health Center","345i",345,"Pacific","Raymond W. Bliss Army Health Center","https://raymond-bliss.tricare.mil","NULL"
"VA Regional Benefit Satellite Office at Luke Air Force Base","345j",345,"Pacific","Luke Air Force Base","https://www.luke.af.mil","NULL"
"Pre-Discharge Site at Davis-Monthan Air Force Base","345l",345,"Pacific","Davis-Monthan Air Force Base ","https://www.dm.af.mil","NULL"
"Pre-Discharge Site at Luke Air Force Base","345m",345,"Pacific","Luke Air Force Base","https://www.luke.af.mil","NULL"
"Seattle VA Regional Benefit Office",346,346,"Pacific","NULL","NULL","NULL"
"Veteran Readiness and Employment Office at Lakewood","346a",346,"Pacific","NULL","NULL","NULL"
"VA Regional Benefit Satellite Office at Thomas S. Foley U.S. Courthouse","346b",346,"Pacific","NULL","NULL","NULL"
"Veteran Readiness and Employment Office at Joint Base Lewis-McChord","346c",346,"Pacific","Joint Base Lewis-McChord","https://home.army.mil/lewis-mcchord/","NULL"
"Bremerton Veteran Readiness and Employment Office","346d",346,"Pacific","NULL","NULL","NULL"
"Mount Vernon Veteran Readiness and Employment Office","346e",346,"Pacific","NULL","NULL","NULL"
"Pre-Discharge Site at Joint Base Lewis-McChord ","346h",346,"Pacific","Joint Base Lewis-McChord","https://home.army.mil/lewis-mcchord/","NULL"
"Veteran Readiness and Employment Office at Idaho Department of Labor","346i",346,"Pacific","Idaho Department of Labor","https://www.labor.idaho.gov/dnn","NULL"
"Integrated Disability Evaluation System (IDES) Site at Joint Base Lewis-McChord","346k",346,"Pacific","Joint Base Lewis-McChord","https://home.army.mil/lewis-mcchord/","NULL"
"Boise VA Regional Benefits Office",347,347,"Pacific","NULL","NULL","NULL"
"VetSuccess on Campus at Boise State University","347a",347,"Pacific","Boise State University","https://www.boisestate.edu","NULL"
"Pocatello Veteran Readiness and Employment Office","347b",347,"Pacific","Idaho State University","https://www.isu.edu","NULL"
"Pre-Discharge Site at Mountain Home Air Force Base","347c",310,"Northeast","Joint Base McGuire-Dix-Lakehurst","https://www.jbmdl.jb.mil","NULL"
"Portland VA Regional Benefit Office",348,348,"Pacific","NULL","NULL","NULL"
"Portland Veteran Readiness and Employment Office","348a",348,"Pacific","NULL","NULL","NULL"
"Veteran Readiness and Employment Office at Downtown Eugene VA Clinic","348b",348,"Pacific","NULL","NULL","vha_653QA"
"VetSuccess on Campus at Portland State University","348d",348,"Pacific","Portland State University","https://www.pdx.edu","NULL"
"Veteran Readiness and Employment Office at Portland VA Medical Center-Vancouver","348h",348,"Pacific","NULL","NULL","vha_648A4"
"Waco VA Regional Benefit Office",349,349,"Continental","NULL","NULL","NULL"
"VA Regional Benefit Satellite Office at Amarillo VA Medical Center","349a",349,"Continental","NULL","NULL","vha_504"
"Integrated Disability Evaluation System (IDES) Site at Fort Bliss","349ab",349,"Continental","Fort Bliss","https://home.army.mil/bliss/","NULL"
"Pre-Discharge Site at Fort Hood","349ac",349,"Continental","Fort Hood","https://home.army.mil/hood/index.php","NULL"
"VA Regional Benefit Satellite Office at Austin VA Clinic","349b",349,"Continental","NULL","NULL","vha_674BY"
"VA Regional Benefit Satellite Office at Arlington, TX","349c",349,"Continental","NULL","NULL","NULL"
"Veteran Readiness and Employment Office at Sheppard AFB","349d",349,"Continental","Sheppard Air Force Base","https://www.sheppard.af.mil","NULL"
"VA Regional Benefit Satellite Office at Fort Worth VA Clinic","349e",349,"Continental","NULL","NULL","vha_549BY"
"VA Regional Benefit Satellite Office at Temple VA Medical Center","349f",349,"Continental","NULL","NULL","vha_674"
"VA Regional Benefit Satellite Office at Waco VA Medical Center","349g",349,"Continental","NULL","NULL","vha_674A4"
"Abilene Veteran Readiness and Employment Office","349h",349,"Continental","NULL","NULL","NULL"
"Pre-Discharge Site at El Paso VA Clinic","349i",349,"Continental","NULL","NULL","vha_756"
"Austin Veteran Readiness and Employment Office","349k",349,"Continental","NULL","NULL","NULL"
"VetSuccess on Campus at University of Texas at Arlington","349m",349,"Continental","University of Texas at Arlington","https://www.uta.edu","NULL"
"VetSuccess on Campus at Austin Community College Highland Campus","349n",349,"Continental","Austin Community College Highland Campus","https://www.austincc.edu/campuses/highland-campus","NULL"
"VetSuccess on Campus at Texas A&M University","349o",349,"Continental","Texas A&M University","https://www.tamu.edu","NULL"
"VetSuccess on Campus at Central Texas College","349p",349,"Continental","Central Texas College","https://www.ctcd.edu","NULL"
"VetSuccess on Campus at Texas A&M University Central Texas","349q",349,"Continental","Texas A&M University Central Texas","https://www.tamuct.edu","NULL"
"VA Regional Benefit Satellite Office at Tyler, TX","349s",349,"Continental","NULL","NULL","NULL"
"VetSuccess on Campus at Tarrant County College South Campus","349t",349,"Continental","Tarrant County College South Campus","https://www.tccd.edu/locations/south-campus/","NULL"
"VetSuccess on Campus at Tarrant County College Northeast Campus","349u",349,"Continental","Tarrant County College Northeast Campus","https://www.tccd.edu/locations/northeast-campus/","NULL"
"El Paso Veteran Readiness and Employment Office","349v",349,"Continental","NULL","NULL","NULL"
"Veteran Readiness and Employment Office at Fort Bliss","349w",349,"Continental","Fort Bliss","https://home.army.mil/bliss/index.php","NULL"
"Veteran Readiness and Employment Office at Lubbock VA Clinic","349x",349,"Continental","NULL","NULL","vha_504BY"
"VA Regional Benefit Satellite Office at Fort Hood","349z",349,"Continental","Fort Hood","https://home.army.mil/hood/index.php","NULL"
"Little Rock VA Regional Benefit Office at Eugene J. Towbin Healthcare Center",350,350,"Southeast","NULL","NULL","vha_598A0"
"VA Regional Benefit Satellite Office at Fayetteville, AR","350a",350,"Southeast","NULL","NULL","NULL"
"Integrated Disability Evaluation System (IDES) Site at Little Rock Air Force Base","350b",350,"Southeast","Little Rock Air Force Base","https://www.littlerock.af.mil","NULL"
"VA Regional Benefit Satellite Office at Texarkana VA Clinic","350c",350,"Southeast","NULL","NULL","vha_667GA"
"VA Regional Benefit Satellite Office at Arkansas State University","350f",350,"Southeast","Arkansas State University","https://www.astate.edu","NULL"
"VA Regional Benefit Satellite Office at University of Arkansas - Fort Smith","350g",350,"Southeast","University of Arkansas - Fort Smith","https://uafs.edu","NULL"
"Muskogee VA Regional Benefit Office",351,351,"Continental","NULL","NULL","vha_623"
"Pre-Discharge Site at Fort Sill Army Post","351a",351,"Continental","NULL","NULL","NULL"
"Pre-Discharge Site at Tinker Air Force Base ","351b",351,"Continental","Tinker Air Force Base","https://www.tinker.af.mil","NULL"
"VA Regional Benefit Satellite Office at Oklahoma City Federal Building","351c",351,"Continental","Oklahoma City Federal Building","https://www.gsa.gov/about-us/regions/welcome-to-the-greater-southwest-region-7/buildings-and-facilities/oklahoma/oklahoma-city-federal-building","NULL"
"Ada Veteran Readiness and Employment Office","351d",351,"Continental","NULL","NULL","NULL"
"Pre-Discharge Site at Sheppard Air Force Base","351e",351,"Continental","Sheppard Air Force Base","https://www.sheppard.af.mil","NULL"
"Pre-Discharge Site at Altus Air Force Base ","351f",351,"Continental","Altus Air Force Base","https://www.altus.af.mil","NULL"
"VetSuccess on Campus at Cameron University","351g",351,"Continental","Cameron University","https://www.cameron.edu","NULL"
"Pre-Discharge Site at Vance Air Force Base ","351i",351,"Continental","Vance Air Force Base","https://www.vance.af.mil","NULL"
"Reno VA Regional Benefit Office",354,354,"Pacific","NULL","NULL","NULL"
"VA Regional Benefit Satellite Office at North Las Vegas VA Medical Center","354a",354,"Pacific","NULL","NULL","vha_593"
"VetSuccess on Campus at University of Nevada, Las Vegas (UNLV)","354b",354,"Pacific","University of Nevada, Las Vegas","https://www.unlv.edu","NULL"
"Integrated Disability Evaluation System (IDES) Site at Nellis AFB","354c",354,"Pacific","Nellis Air Force Base","https://www.nellis.af.mil","NULL"
"San Juan VA Regional Benefit Office",355,355,"Southeast","NULL","NULL","NULL"
"VA Regional Benefit Satellite Office at Fort Buchanan Puerto Rico","355b",355,"Southeast","Fort Buchanan Puerto Rico","https://home.army.mil/buchanan/index.php","NULL"
"VA Regional Benefit Satellite Office at Arecibo VA Clinic","355c",355,"Southeast","NULL","NULL","vha_672GC"
"VA Regional Benefit Satellite Office at Mayaguez VA Clinic","355d",355,"Southeast","NULL","NULL","vha_672BZ"
"VA Regional Benefit Satellite Office at Euripides Rubio Department of Veterans Affairs Outpatient Clinic","355e",355,"Southeast","NULL","NULL","vha_672B0"
"VA Regional Benefit Satellite Office at San Juan VA Medical Center","355f",355,"Southeast","NULL","NULL","vha_672"
"VA Regional Benefit Satellite Office at Saint Thomas VA Clinic","355h",355,"Southeast","NULL","NULL","vha_672GB"
"VA Regional Benefit Satellite Office at Saint Croix VA Clinic","355i",355,"Southeast","NULL","NULL","vha_672GA"
"VA Regional Benefit Office at U.S. Embassy in Manila",358,358,"Pacific","U.S. Embassy in Manila","https://ph.usembassy.gov","vha_358"
"Houston VA Regional Benefit Office",362,362,"Continental","NULL","NULL","NULL"
"VA Regional Benefit Satellite Office at McAllen VA Outpatient Clinic","362a",362,"Continental","NULL","NULL","vha_740GB"
"Veteran Readiness and Employment Office at Corpus Christi Vet Center","362d",362,"Continental","NULL","NULL","NULL"
"Veteran Readiness and Employment Office at North Tenth Street VA Clinic","362e",362,"Continental","NULL","NULL","vha_740GJ"
"VetSuccess on Campus at Houston Community College","362f",362,"Continental","Houston Community College","https://www.hccs.edu","NULL"
"VetSuccess on Campus at Sam Houston State University","362g",362,"Continental","Sam Houston State University","https://www.shsu.edu","NULL"
"VetSuccess on Campus at University of Houston","362h",362,"Continental","University of Houston","https://www.uh.edu","NULL"
"VetSuccess on Campus at San Antonio College","362j",362,"Continental","San Antonio College","https://www.alamo.edu/sac/","NULL"
"VetSuccess on Campus at The University of Texas at San Antonio","362k",362,"Continental","The University of Texas at San Antonio","https://www.utsa.edu","NULL"
"VetSuccess on Campus at Lone Star College","362n",362,"Continental","Lone Star College","https://www.lonestar.edu","NULL"
"VA Regional Benefit Satellite Office at North West San Antonio VA Clinic","362o",362,"Continental","NULL","NULL","vha_671GS"
"National Capital Region VA Regional Benefits Office",372,372,"Northeast","NULL","NULL","NULL"
"VetSuccess on Campus at Northern Virginia Community College ","372a",372,"Northeast","Northern Virginia Community College ","https://www.nvcc.edu","NULL"
"Integrated Disability Evaluation System (IDES) Site at Joint Base Andrews","372b",372,"Northeast","Joint Base Andrews","https://www.jba.af.mil","NULL"
"Integrated Disability Evaluation System (IDES) and Pre-Discharge Claims Intake Site at Fort Belvoir","372c",372,"Northeast","Fort Belvoir","https://home.army.mil/belvoir/index.php","NULL"
"Integrated Disability Evaluation System (IDES) Site at Walter Reed National Military Medical Center","372d",372,"Northeast","Walter Reed National Military Medical Center","https://walterreed.tricare.mil","NULL"
"Integrated Disability Evaluation System (IDES) and Pre-Discharge Claims Intake Site at Marine Corps Base Quantico","372e",372,"Northeast","Marine  Corps Base Quantico","https://www.quantico.marines.mil","NULL"
"VetSuccess on Campus at University of Maryland Global Campus","372f",372,"Northeast","University of Maryland Global Campus ","https://www.umgc.edu/index.cfm","NULL"
"Pre-Discharge Site at Andrews Air Force Base ","372g",372,"Northeast","Joint Base Andrews","https://www.jba.af.mil","NULL"
"VetSuccess on Campus at George Mason University","372h",372,"Northeast","George Mason University","https://www2.gmu.edu","NULL"
"VetSuccess on Campus at The George Washington University","372i",372,"Northeast","The George Washington University","https://www.gwu.edu","NULL"
"Pre-Discharge Site at Walter Reed National Military Medical Center ","372l",372,"Northeast","Walter Reed National Military Medical Center","https://walterreed.tricare.mil","NULL"
"Manchester VA Regional Benefits Office",373,373,"Northeast","NULL","NULL","NULL"
"San Diego VA Regional Benefit Office",377,377,"Pacific","NULL","NULL","vha_664BY"
"Pre-Discharge Site at Marine Corp Air Station Miramar ","377a",377,"Pacific","Marine Corps Air Station Miramar Library","https://www.mccsmiramar.com/library/","NULL"
"Pre-Discharge Site at Naval Marine Corp Base Camp Pendleton","377b",377,"Pacific","Marine Corp family Services Center","https://camp-pendleton.tricare.mil","NULL"
"VA Regional Benefit Satellite Office at Laguna Hills VA Clinic","377c",377,"Pacific","NULL","NULL","vha_600GE"
"VA Regional Benefit Satellite Office at Marine Corps Recruit Depot, San Diego","377e",377,"Pacific","Marine Corps Recruit Depot, San Diego Marine and Family Services","https://www.mcrdsd.marines.mil/","NULL"
"Veteran Readiness and Employment Office at Oceanside VA Clinic","377f",377,"Pacific","NULL","NULL","vha_664GB"
"Integrated Disability Evaluation System (IDES) Site at Naval Medical Center San Diego","377g",377,"Pacific","Naval Medical Center San Diego","https://sandiego.tricare.mil","NULL"
"VA Regional Benefit Satellite Office at Naval Medical Center San Diego","377h",377,"Pacific","Naval Medical Center San Diego","https://sandiego.tricare.mil","NULL"
"Veteran Readiness and Employment Office at San Marcos Vet Center","377i",377,"Pacific","NULL","NULL","vc_0642V"
"Moreno Valley Veteran Readiness and Employment Office","377j",377,"Pacific","NULL","NULL","NULL"
"VetSuccess on Campus at San Diego State University","377k",377,"Pacific","San Diego State University","https://arweb.sdsu.edu/es/veterans/","NULL"
"VA Regional Benefit Satellite Office at Naval Base San Diego ","377l",377,"Pacific","Fleet and Family Service Center at Naval Base San Diego","https://www.cnic.navy.mil/regions/cnrsw/installations/navbase_san_diego.html","NULL"
"VA Regional Benefit Satellite Office at Marine Corps Base Camp Pendleton","377m",377,"Pacific","Marine Corps Base Camp Pendleton","https://www.pendleton.marines.mil/","NULL"
"VetSuccess on Campus at MiraCosta College","377n",377,"Pacific","MiraCosta College","https://www.miracosta.edu/student-services/veterans-services/index.html","NULL"
"Togus VA Regional Benefit Office at Togus VA Medical Center",402,402,"Northeast","NULL","NULL","vha_402"
"White River Junction VA Regional Benefit Office",405,405,"Northeast","NULL","NULL","vha_405"
"Fort Harrison VA Regional Benefit Office and Fort Harrison VA Medical Center",436,436,"Continental","NULL","NULL","vha_436"
"Pre-Discharge Site at Malmstrom Air Force Base ","436b",436,"Continental","Malmstrom Air Force Base","https://www.malmstrom.af.mil","NULL"
"Fargo VA Regional Benefit Office at North Fargo VA Clinic",437,437,"Continental","NULL","NULL","vha_437QA"
"Veteran Readiness and Employment Office at Bismarck VA Clinic","437a",437,"Continental","NULL","NULL","vha_437GB"
"Sioux Falls VA Regional Benefit Office at Royal C. Johnson Veterans' Memorial Hospital",438,438,"Continental","NULL","NULL","vha_438"
"Rapid City Veteran Readiness and Employment Office","438a",438,"Continental","NULL","NULL","NULL"
"Pre-Discharge Site at Fort Meade VA Medical Center","438b",438,"Continental","NULL","NULL","vha_568"
"Pre-Discharge Site at Ellsworth Air Force Base","438c",438,"Continental","Ellsworth Air Force Base","https://www.ellsworth.af.mil","NULL"
"Cheyenne VA Regional Benefit Office",442,442,"Continental","NULL","NULL","vha_442"
"VA Regional Benefit Satellite Office at Sheridan VA Medical Center","442a",442,"Continental","NULL","NULL","vha_666"
"Wichita VA Regional Benefit Office at Robert J. Dole VA Medical Center",452,452,"Continental","NULL","NULL","vha_589A7"
"Pre-Discharge Site at Fort Leavenworth","452a",452,"Continental","Fort Leavenworth","https://home.army.mil/leavenworth/index.php","NULL"
"Pre-Discharge Site at Fort Riley","452b",452,"Continental","Fort Riley","https://home.army.mil/riley/index.php","NULL"
"VetSuccess on Campus at University of Kansas","452c",452,"Continental","University of Kansas","https://www.ku.edu","NULL"
"VetSuccess on Campus at Johnson County Community College","452d",452,"Continental","Johnson County Community College","https://www.jccc.edu/","NULL"
"Honolulu VA Regional Benefit Office and Spark M. Matsunaga Department of Veterans Affairs Medical Center",459,459,"Pacific","NULL","NULL","vha_459"
"VetSuccess on Campus at University of Hawaii at Manoa","459a",459,"Pacific","University of Hawai?i at Manoa","https://manoa.hawaii.edu","NULL"
"VetSuccess on Campus at Leeward Community College","459b",459,"Pacific","Leeward Community College","https://www.leeward.hawaii.edu/","NULL"
"VetSuccess on Campus at Hawaii Pacific University","459c",459,"Pacific","Hawaii Pacific University","https://www.hpu.edu","NULL"
"VA Regional Benefit Satellite Office at Maui Vet Center","459d",459,"Pacific","NULL","NULL","vc_0634V"
"Integrated Disability Evaluation System (IDES) Site at U.S. Army Garrison Hawaii","459e",459,"Pacific","U.S. Army Garrison Hawaii","https://home.army.mil/hawaii/index.php/","NULL"
"Integrated Disability Evaluation System (IDES) Site at Tripler Army Medical Center","459f",459,"Pacific","Tripler Army Medical Center","https://tripler.tricare.mil","NULL"
"VA Regional Benefit Satellite Office at Maui VA Clinic","459g",459,"Pacific","NULL","NULL","vha_459GA"
"VA Regional Benefit Satellite Office at Guam","459h",459,"Pacific","NULL","NULL","NULL"
"VA Regional Benefit Satellite Office at Hilo Federal Building","459i",459,"Pacific","Hilo Federal Building","https://www.gsa.gov/about-us/regions/welcome-to-the-pacific-rim-region-9/buildings-and-facilities/hawaii/hilo-federal-building-us-post-office-and-courthouse","NULL"
"Wilmington VA Regional Benefit Office",460,460,"Northeast","NULL","NULL","NULL"
"Pre-Discharge Site at Dover Air Force Base","460a",460,"Northeast","Dover Air Force Base","https://www.dover.af.mil","NULL"
"Anchorage VA Regional Benefit Office at Anchorage VA Medical Center",463,463,"Pacific","NULL","NULL","vha_463"
"Pre-Discharge Site at Joint Base Elmendorf-Richardson Military & Family Readiness Center","463a",463,"Pacific","Joint Base Elmendorf-Richardson","https://www.jber.jb.mil","NULL"
"VetSuccess on Campus at University of Alaska Anchorage","463b",463,"Pacific","University of Alaska Anchorage","https://www.uaa.alaska.edu","NULL"
"Pre-Discharge Site at Fort Wainwright Soldier for Life SFL Center ","463c",463,"Pacific","Fort Wainwright","https://home.army.mil/alaska/index.php/fort-wainwright","NULL"
"Veteran Readiness and Employment Office at Fairbanks Vet Center","463d",463,"Pacific","Fairbanks Federal Building","NULL","NULL"
"Pre-Discharge Site at Eielson Air Force Base ","463e",463,"Pacific","Eilson Air Force Base","https://www.eielson.af.mil","NULL"
"Pre-Discharge  Site at Wasilla, AK","463f",463,"Pacific","NULL","NULL","NULL"
"Pre-Discharge Site at Fort Wainwright ","463h",463,"Pacific","Fort Wainwright","https://home.army.mil/alaska/index.php/fort-wainwright","NULL"
